Student_ID,Gender,Age,Hours_Studied_Per_Week,Attendance_Rate,Past_GPA,Parent_Income,Extra_Curricular_Hours,Sleep_Hours,Final_Performance
1,M,21,12,0.89,3.73,70850,1,7,Medium
2,M,25,10,0.75,3.51,80919,5,6,Medium
3,F,21,19,0.92,3.29,40116,4,5,Medium
4,M,23,12,0.83,1.1,62218,4,9,Medium
5,M,23,3,0.72,3.41,27682,3,6,Low
6,M,22,5,0.98,3.08,92834,0,6,Medium
7,M,18,15,0.97,1.75,97680,4,5,Medium
8,M,20,18,0.65,0.99,96290,5,7,Medium
9,M,22,14,0.72,3.56,71613,3,8,Medium
10,M,24,6,0.73,1.52,30420,0,5,Low
11,F,19,6,0.85,1.55,65594,5,7,Low
12,M,19,16,0.71,1.04,88975,5,7,Medium
13,F,25,13,0.51,1.23,53967,3,5,Medium
14,M,23,4,0.65,0.52,85824,3,5,Low
15,F,20,3,0.86,2.85,63691,4,8,Medium
16,F,19,2,0.65,3.06,40644,3,7,Low
17,F,23,10,0.91,1.02,90873,4,7,Medium
18,M,21,10,0.93,0.48,31013,2,9,Low
19,F,22,11,0.99,3.58,86013,0,7,Medium
20,F,21,15,0.97,2.53,98124,4,9,Medium
21,M,25,7,0.7,3.46,60215,2,9,Medium
22,M,20,12,0.56,2.77,44594,0,5,Medium
23,F,24,6,0.81,3.0,75481,5,6,Medium
24,M,24,3,0.76,2.76,48045,2,8,Medium
25,F,25,14,0.93,1.45,40519,3,6,Low
26,M,20,17,0.86,0.78,35682,2,5,Medium
27,F,25,5,0.94,2.51,67948,3,7,Medium
28,M,18,14,0.82,3.65,28058,0,6,Medium
29,F,24,18,0.75,3.88,60099,3,6,Medium
30,M,24,8,0.75,1.12,78744,1,5,Low
31,M,25,3,0.82,0.92,26444,4,6,Low
32,F,22,20,0.89,2.62,49979,3,9,Medium
33,F,21,13,0.69,1.09,90985,2,8,Medium
34,F,18,11,0.59,1.65,81974,4,6,Medium
35,M,25,20,0.6,3.62,58765,1,7,Medium
36,M,21,5,0.74,2.63,82062,1,7,Medium
37,F,18,0,0.57,3.18,41701,0,8,Low
38,M,25,1,0.95,1.66,46942,3,8,Low
39,M,20,6,0.54,1.29,53628,1,6,Low
40,M,21,17,0.65,1.32,89254,5,8,Medium
41,M,23,17,0.62,3.19,63688,0,9,Medium
42,F,22,18,0.95,1.96,59435,2,6,Medium
43,F,24,6,0.67,1.09,57262,3,7,Low
44,F,22,16,0.88,2.34,57592,5,6,Medium
45,M,21,3,0.54,1.28,36881,5,7,Low
46,F,19,2,0.86,3.11,92999,0,7,Medium
47,F,25,13,0.68,2.14,33911,5,7,Low
48,F,18,1,0.82,1.02,39693,4,7,Low
49,F,22,4,0.55,1.2,88720,2,5,Low
50,F,24,17,0.87,2.79,46046,2,8,Medium
51,F,21,11,0.66,0.93,36424,3,8,Low
52,F,24,16,0.61,0.45,83375,0,7,Medium
53,F,19,7,0.6,3.08,55423,5,7,Medium
54,F,20,16,0.58,1.41,62089,0,9,Medium
55,F,22,10,0.6,1.81,79492,2,5,Medium
56,F,20,18,0.71,3.96,81428,1,8,Medium
57,M,23,11,0.62,2.91,57689,4,8,Medium
58,M,24,19,1.0,2.2,67574,4,9,Medium
59,F,25,20,0.99,2.91,89146,2,5,Medium
60,F,24,15,0.71,0.98,35049,2,5,Low
61,M,20,6,0.97,0.96,79234,0,8,Medium
62,M,23,15,0.99,1.36,65647,3,5,Medium
63,F,18,15,0.57,2.74,98772,1,8,Medium
64,M,23,9,0.9,1.34,65138,5,5,Low
65,F,24,7,0.74,2.71,52364,0,9,Medium
66,F,25,17,0.77,0.97,67100,3,9,Medium
67,F,18,0,0.84,1.22,36749,5,7,Low
68,F,19,4,0.69,2.01,70227,2,7,Medium
69,M,18,13,0.92,0.23,33641,5,5,Low
70,F,20,10,0.76,1.63,77829,5,7,Low
71,F,18,14,0.89,3.99,92613,4,5,Medium
72,F,19,17,0.54,3.07,35414,2,5,Medium
73,F,23,18,0.78,1.91,96524,2,9,Medium
74,M,24,10,0.96,3.48,54946,3,9,Medium
75,F,25,9,0.65,0.03,60092,3,9,Low
76,F,23,11,0.75,1.45,55867,5,6,Medium
77,M,24,2,0.97,1.77,49042,3,9,Low
78,M,23,0,0.8,0.95,52424,3,9,Low
79,M,18,0,0.81,0.57,90577,0,7,Low
80,F,18,12,0.66,1.2,48027,1,7,Low
81,F,21,8,0.63,3.95,71162,3,8,Medium
82,M,22,15,0.69,2.06,94591,2,7,Medium
83,F,19,6,0.88,3.77,57991,4,8,Medium
84,M,23,4,0.92,3.39,33619,4,7,Low
85,M,23,13,0.74,2.51,47142,3,6,Low
86,F,24,14,0.77,0.79,28124,4,8,Low
87,M,20,9,0.67,1.4,99028,5,5,Medium
88,F,23,6,0.76,0.95,72671,4,7,Low
89,M,21,12,0.58,3.46,49997,5,8,Medium
90,F,23,0,0.82,1.93,30052,3,6,Low
91,F,19,16,0.67,3.59,68403,4,7,Medium
92,M,23,2,0.9,0.13,70851,5,5,Low
93,F,18,17,0.92,3.61,68393,4,6,Medium
94,F,18,13,0.66,1.91,70770,1,6,Medium
95,M,24,4,0.59,0.42,59119,3,8,Low
96,M,21,8,0.66,2.99,68600,0,6,Medium
97,M,21,16,0.83,1.18,54097,5,9,Medium
98,M,25,20,0.82,0.6,35947,0,9,Medium
99,F,18,2,0.83,2.62,36787,3,6,Low
100,F,23,16,0.75,1.48,84642,1,9,Medium
101,M,25,12,0.84,2.21,32072,0,6,Low
102,M,25,20,0.65,2.74,67621,4,7,Medium
103,F,18,16,0.81,3.3,78787,2,9,Medium
104,M,18,12,0.91,3.94,65702,1,8,Medium
105,F,23,20,0.62,2.6,73755,2,9,Medium
106,F,22,7,0.74,1.34,67626,4,5,Low
107,F,22,0,0.89,0.08,51422,3,6,Low
108,F,24,9,0.83,1.74,58639,2,6,Low
109,M,24,11,0.91,2.81,51430,0,5,Medium
110,M,18,13,0.92,2.02,60365,5,9,Medium
111,M,23,17,0.85,0.53,79669,2,8,Medium
112,M,22,6,0.7,2.6,29835,4,7,Low
113,M,19,7,0.6,3.75,93327,4,8,Medium
114,M,20,15,0.77,0.37,78243,1,9,Medium
115,F,22,19,0.94,2.55,96908,0,8,Medium
116,M,21,8,0.73,0.48,94518,1,7,Low
117,F,25,15,0.86,0.42,79806,1,8,Medium
118,M,19,3,0.89,3.82,88020,4,5,Medium
119,F,25,17,0.73,3.52,54843,0,9,Medium
120,M,24,15,0.51,1.04,68556,4,8,Medium
121,F,22,19,0.52,3.23,50711,2,6,Medium
122,M,22,13,0.61,3.6,49166,1,6,Medium
123,F,20,20,0.73,0.75,64056,3,9,Medium
124,F,21,14,0.66,1.4,49831,3,8,Low
125,F,23,9,0.8,0.09,32924,3,9,Low
126,M,25,16,0.98,2.62,52179,1,5,Medium
127,F,25,1,0.96,0.44,66077,1,5,Low
128,F,19,7,0.71,0.01,36039,0,6,Low
129,M,22,8,0.91,1.66,46518,0,9,Medium
130,F,21,2,0.65,0.33,42876,3,8,Low
131,F,23,16,0.57,0.93,76277,3,9,Medium
132,F,23,8,0.95,0.69,36876,0,6,Low
133,F,25,3,0.87,3.83,48388,4,8,Medium
134,F,22,17,0.74,1.45,40225,4,7,Medium
135,F,20,11,0.85,2.81,67819,5,5,Medium
136,M,24,12,0.8,2.73,76703,2,7,Medium
137,M,25,10,0.87,3.26,36924,3,9,Medium
138,F,20,17,0.85,3.89,38632,3,5,Medium
139,M,21,20,0.87,3.9,26740,3,8,Medium
140,F,25,5,0.99,0.31,95670,2,6,Low
141,M,23,13,0.75,1.06,64851,5,9,Medium
142,F,22,6,0.6,0.2,43785,4,8,Low
143,F,25,12,0.53,2.23,64593,2,9,Medium
144,M,22,7,0.89,1.0,74311,5,6,Low
145,M,25,0,0.75,3.83,57623,1,8,Low
146,M,25,11,0.59,0.06,41589,1,7,Low
147,F,18,11,0.91,1.8,74797,3,7,Medium
148,M,22,14,0.83,0.18,71633,3,6,Medium
149,F,25,8,0.78,1.55,37844,2,7,Low
150,M,24,7,0.66,0.91,25946,3,9,Low
151,M,24,9,0.64,2.7,38417,4,8,Medium
152,M,21,7,0.7,1.99,64397,1,7,Low
153,F,19,13,0.99,2.47,31922,3,7,Medium
154,F,19,20,0.79,3.89,89712,0,9,Medium
155,M,25,20,0.8,2.46,44812,0,7,Medium
156,F,18,15,0.69,1.56,79637,5,9,Medium
157,M,25,15,0.79,3.86,57785,3,6,Medium
158,F,20,15,0.72,2.47,38331,4,9,Medium
159,F,18,13,0.97,0.98,76991,2,6,Medium
160,M,21,0,0.67,2.72,96031,5,7,Low
161,M,25,2,0.69,2.22,73212,2,7,Low
162,M,18,4,0.99,1.41,29294,5,7,Low
163,F,24,1,0.67,0.86,94769,4,5,Low
164,M,25,4,0.55,1.75,90415,5,7,Low
165,M,20,15,0.51,2.65,25358,5,7,Low
166,M,24,18,0.84,0.21,65442,0,9,Medium
167,M,23,2,0.77,2.28,33824,5,5,Low
168,M,23,5,0.68,0.13,42341,1,7,Low
169,F,22,3,0.82,3.58,86050,3,9,Medium
170,M,23,15,0.53,2.76,99695,4,5,Medium
171,F,24,15,0.61,0.35,92142,1,8,Medium
172,F,22,2,0.95,3.25,74628,2,8,Medium
173,M,19,13,0.54,1.54,97401,2,9,Medium
174,F,23,11,0.73,0.46,26436,4,5,Low
175,F,19,20,0.5,2.42,81161,1,5,Medium
176,M,24,3,0.57,1.87,92441,0,6,Low
177,F,21,10,0.58,3.19,76425,4,5,Medium
178,M,23,13,0.6,1.08,50714,4,8,Low
179,F,19,19,0.99,2.76,84219,0,9,Medium
180,M,20,14,0.96,0.86,38258,3,6,Low
181,M,18,4,0.8,2.49,72266,2,5,Low
182,F,20,7,0.6,1.56,40948,5,5,Low
183,M,24,18,0.79,3.14,99723,5,9,Medium
184,M,23,8,0.85,2.65,60124,0,5,Medium
185,F,21,15,0.93,3.31,96003,3,5,Medium
186,F,18,16,0.81,3.45,37140,3,9,Medium
187,F,18,19,0.54,0.64,60523,5,8,Medium
188,F,22,17,0.76,1.63,95997,0,8,Medium
189,M,20,13,0.85,2.58,86394,3,5,Medium
190,M,23,3,0.55,0.92,60677,5,9,Low
191,F,20,11,0.91,3.45,92527,2,5,Medium
192,M,19,15,0.61,1.17,91893,3,8,Medium
193,M,18,16,0.77,0.05,33634,2,6,Low
194,F,25,3,0.84,0.49,80481,3,5,Low
195,M,23,15,0.89,0.79,76342,2,5,Medium
196,F,23,9,0.89,0.9,27696,3,9,Low
197,M,19,6,0.88,1.88,44114,3,5,Low
198,F,24,9,0.62,3.21,74805,0,9,Medium
199,M,20,19,0.8,2.78,87525,5,6,Medium
200,F,23,20,0.69,2.59,56931,4,9,Medium
201,M,25,1,0.73,2.16,25004,5,5,Low
202,M,21,0,0.76,3.88,69808,0,5,Medium
203,M,21,12,0.99,2.59,30950,2,8,Medium
204,M,21,0,0.52,1.24,70787,2,6,Low
205,M,23,20,0.63,3.64,69077,3,7,Medium
206,M,22,3,0.95,3.43,79395,0,9,Medium
207,F,21,20,0.63,0.35,89455,2,9,Medium
208,M,24,11,0.62,3.99,64371,3,7,Medium
209,F,18,0,0.94,3.38,40476,5,8,Low
210,M,25,2,0.94,0.64,47903,1,7,Low
211,F,24,8,0.86,3.77,73871,0,5,Medium
212,M,18,10,0.99,3.04,95551,5,8,Medium
213,F,21,19,0.65,3.16,33202,1,6,Medium
214,M,18,8,0.75,2.85,84975,0,9,Medium
215,M,21,20,0.84,3.43,51904,1,7,Medium
216,M,23,0,0.7,0.99,29634,3,8,Low
217,F,18,19,0.53,3.27,43021,0,7,Medium
218,M,21,13,0.6,3.64,38532,1,8,Medium
219,M,20,19,0.75,0.32,53120,2,8,Medium
220,M,19,12,0.81,2.73,26375,0,7,Medium
221,F,24,1,0.68,1.92,60764,1,6,Low
222,M,24,2,0.82,2.42,50235,1,7,Low
223,F,22,7,0.61,2.46,50863,4,6,Medium
224,F,23,18,0.67,2.26,47469,4,9,Medium
225,F,19,16,0.79,1.2,97598,4,8,Medium
226,F,24,20,0.9,3.59,94363,4,5,Medium
227,F,22,5,0.68,0.6,39728,3,7,Low
228,M,19,7,0.67,3.79,48357,1,5,Medium
229,M,23,20,0.69,0.5,87558,2,9,Medium
230,F,18,0,0.93,1.26,82416,2,8,Low
231,M,25,13,0.54,2.33,72057,1,7,Medium
232,F,23,11,0.69,1.28,62397,4,5,Low
233,M,19,2,0.51,0.5,93229,5,7,Low
234,M,24,14,0.85,0.5,97601,2,5,Medium
235,F,23,7,0.73,2.37,61645,0,6,Low
236,F,24,3,0.84,3.92,25341,0,9,Low
237,M,19,12,0.9,2.69,38517,4,7,Medium
238,F,24,4,0.73,0.4,78236,5,8,Low
239,F,25,8,0.69,1.93,43166,3,6,Low
240,M,23,19,0.95,1.95,67035,1,7,Medium
241,M,23,5,0.72,3.88,25890,3,7,Low
242,F,25,8,0.63,2.96,66621,1,7,Medium
243,F,20,11,0.52,2.44,83613,2,5,Medium
244,F,24,10,0.98,2.87,31854,3,9,Medium
245,M,19,2,0.67,1.96,54336,0,6,Low
246,M,18,10,0.68,3.12,88483,0,5,Medium
247,M,18,12,0.62,0.26,71559,3,5,Low
248,F,24,16,0.97,1.07,35885,3,7,Medium
249,M,23,7,0.91,2.56,49334,3,5,Medium
250,F,19,13,0.65,2.21,89177,4,5,Medium
251,F,23,8,0.88,2.64,32245,0,8,Medium
252,F,25,18,0.81,3.13,82264,4,9,Medium
253,F,20,10,0.71,3.1,90664,0,9,Medium
254,M,22,19,0.88,3.97,38661,3,6,Medium
255,F,23,0,0.64,1.97,32462,2,6,Low
256,M,22,5,0.54,0.64,31082,3,7,Low
257,F,23,4,0.78,1.98,71418,5,7,Medium
258,F,23,12,0.51,2.41,30807,0,9,Medium
259,F,20,15,0.6,2.21,53345,2,9,Medium
260,F,20,3,0.74,1.38,72659,0,9,Medium
261,M,22,2,0.6,1.68,55845,4,7,Low
262,F,22,3,0.93,1.02,34199,5,7,Low
263,F,20,14,0.93,1.21,87257,4,5,Medium
264,M,25,18,0.65,2.47,34856,2,8,Medium
265,M,23,20,0.97,1.34,68747,5,9,Medium
266,F,22,6,0.61,1.13,65834,3,8,Low
267,F,25,4,0.77,3.1,47953,4,7,Medium
268,M,19,7,0.61,2.51,43361,4,7,Low
269,F,21,1,0.9,0.2,50521,1,5,Low
270,F,18,9,0.76,2.54,56636,3,9,Medium
271,F,19,17,0.81,3.13,69130,2,9,Medium
272,F,23,8,0.52,2.84,60584,0,8,Medium
273,F,25,18,0.61,2.88,67362,0,5,Medium
274,F,21,3,0.99,1.32,38203,5,7,Low
275,F,24,10,0.54,3.8,50379,3,6,Medium
276,F,25,16,0.8,3.45,44004,2,9,Medium
277,F,20,13,0.76,2.26,37129,0,5,Low
278,F,20,1,0.89,1.37,74766,5,9,Low
279,F,20,4,0.58,1.7,49108,5,8,Low
280,M,21,2,0.6,2.56,75744,3,7,Medium
281,F,21,7,0.75,1.35,70171,4,8,Medium
282,F,18,15,0.9,2.09,52618,4,6,Medium
283,F,20,9,0.67,2.69,50169,1,8,Low
284,M,20,19,0.96,0.24,80194,5,8,Medium
285,F,25,18,0.65,0.58,63882,1,6,Medium
286,M,18,10,0.87,0.75,81696,1,9,Medium
287,F,20,19,0.52,0.05,31477,1,9,Low
288,F,21,18,0.53,1.65,69058,1,5,Medium
289,F,20,10,0.87,0.29,74740,1,7,Low
290,M,21,10,0.58,2.12,95588,4,7,Medium
291,F,24,20,0.57,3.15,92367,3,8,High
292,F,21,17,0.99,3.21,74521,2,7,Medium
293,M,20,11,0.56,1.75,99123,2,5,Medium
294,F,22,13,0.91,3.61,38350,4,6,Medium
295,M,23,9,0.92,0.97,97385,3,9,Medium
296,M,21,7,0.56,3.32,89847,0,7,Low
297,M,22,14,0.82,0.57,91979,3,6,Medium
298,F,24,6,0.81,1.56,82115,0,9,Medium
299,F,20,18,0.77,1.91,91459,1,8,Medium
300,M,24,16,0.85,3.73,81829,4,9,Medium
301,F,24,5,0.9,3.58,30515,5,6,Low
302,F,20,5,0.89,2.61,88085,5,9,Medium
303,M,25,3,0.88,3.54,69186,2,6,Medium
304,M,23,7,0.83,2.9,73702,4,5,Medium
305,M,24,11,0.97,2.85,30235,1,6,Medium
306,M,24,15,0.89,2.9,92250,0,8,Medium
307,F,18,20,0.99,3.25,55900,3,8,Medium
308,F,18,1,0.89,1.94,37123,4,8,Low
309,F,18,12,0.85,1.14,41718,1,6,Low
310,F,22,5,0.51,2.15,96965,1,5,Low
311,M,19,13,0.68,3.49,47222,4,9,Medium
312,F,18,5,0.59,3.52,63244,4,8,Medium
313,M,23,3,0.81,2.92,44456,5,5,Low
314,F,24,18,1.0,0.73,72909,0,8,Medium
315,F,21,19,0.92,3.64,60543,5,6,Medium
316,F,24,4,0.67,2.45,96212,1,9,Medium
317,F,25,17,0.56,2.97,53325,5,7,Medium
318,F,20,16,0.59,3.89,26724,3,7,Medium
319,F,22,19,0.75,3.87,87631,5,9,High
320,F,19,3,0.58,3.76,25716,5,7,Low
321,M,18,10,0.87,2.73,73335,2,8,Medium
322,F,20,10,0.68,3.3,36467,3,8,Low
323,M,23,14,0.58,2.89,51558,2,5,Medium
324,M,25,8,0.76,2.92,46552,4,6,Medium
325,M,22,14,0.94,2.54,40186,2,7,Medium
326,F,18,11,0.55,1.16,93842,1,8,Medium
327,F,24,10,0.75,1.23,37477,0,5,Low
328,M,22,1,0.8,1.25,78999,0,7,Low
329,F,19,5,0.71,1.32,25603,4,6,Low
330,F,24,8,0.6,2.41,81070,3,9,Medium
331,F,22,15,0.7,1.75,32819,2,9,Medium
332,M,20,9,0.66,2.13,49716,5,9,Medium
333,F,20,20,0.57,2.88,62522,0,5,Medium
334,M,21,20,0.93,1.16,43675,4,7,Medium
335,F,21,1,0.68,0.9,60565,5,9,Low
336,M,20,6,0.76,3.87,90929,1,5,Medium
337,F,24,10,0.7,3.27,30957,1,7,Medium
338,M,24,7,0.72,2.05,78322,5,8,Medium
339,F,20,19,0.84,0.96,56887,2,6,Medium
340,M,21,4,0.82,0.95,37500,4,7,Low
341,M,23,9,0.89,0.08,54867,2,5,Low
342,M,21,12,0.52,3.85,48732,0,8,Medium
343,M,22,8,0.71,2.57,69225,3,7,Medium
344,M,22,19,0.63,1.94,41705,4,7,Medium
345,M,20,12,0.72,1.86,79585,0,6,Medium
346,F,19,8,0.64,1.41,29724,3,7,Low
347,M,20,17,0.95,0.83,78249,3,5,Medium
348,F,21,18,0.78,1.19,92827,1,5,Medium
349,M,22,0,0.78,0.03,95629,2,5,Low
350,F,20,12,0.79,1.61,39706,2,7,Low
351,F,18,20,0.63,3.36,87647,3,9,Medium
352,F,18,18,0.84,3.68,72904,1,6,Medium
353,M,23,17,0.9,1.31,47015,3,8,Medium
354,F,22,2,0.88,0.46,70594,4,6,Low
355,M,22,11,0.53,2.04,31410,2,5,Medium
356,M,19,16,0.61,0.73,91731,2,8,Medium
357,F,21,18,0.6,0.0,32766,4,5,Low
358,M,21,6,0.54,1.93,52039,5,9,Medium
359,F,24,7,0.84,1.91,41397,0,8,Low
360,M,21,14,0.81,1.71,83180,0,6,Medium
361,M,25,0,0.93,1.68,55708,3,5,Low
362,M,21,10,0.8,1.53,42042,5,9,Medium
363,F,24,14,0.69,1.78,33284,3,5,Low
364,F,25,14,0.66,1.07,80589,4,9,Medium
365,F,18,20,0.83,3.04,44248,5,8,Medium
366,F,19,3,0.71,2.94,49321,0,6,Low
367,M,22,12,0.62,3.26,42791,0,8,Medium
368,F,25,2,0.74,0.07,96799,5,9,Low
369,F,24,17,0.89,1.71,57162,5,6,Medium
370,F,24,0,0.95,0.2,36474,5,5,Low
371,M,22,4,0.8,0.32,26363,1,5,Low
372,M,22,15,0.75,0.91,74172,2,7,Medium
373,F,22,11,0.97,2.88,27913,1,9,Medium
374,M,18,18,0.83,2.39,62411,5,6,Medium
375,M,20,6,0.8,3.24,45076,3,9,Medium
376,F,22,10,0.88,3.85,85809,4,8,Medium
377,F,23,0,0.91,2.81,25149,1,5,Low
378,M,25,7,0.89,3.79,28230,3,9,Medium
379,M,23,8,0.55,3.55,99860,0,6,Medium
380,F,23,7,0.72,0.3,43685,4,9,Low
381,M,18,12,0.5,0.01,61266,2,9,Low
382,F,24,18,0.72,2.45,51800,2,6,Medium
383,F,23,12,0.63,3.7,45918,1,5,Medium
384,M,22,15,0.62,2.36,78035,0,7,Medium
385,F,18,1,0.96,0.34,66103,3,7,Low
386,F,23,19,0.88,1.39,92532,0,8,Medium
387,M,22,19,0.6,0.45,81008,2,9,Medium
388,M,25,8,0.79,0.88,63172,0,8,Low
389,F,25,19,0.8,1.93,68269,5,5,Medium
390,M,21,7,0.87,2.68,34841,3,9,Medium
391,M,19,13,0.51,2.49,98478,2,5,Medium
392,M,18,13,0.65,0.26,81953,4,9,Low
393,M,19,5,0.53,2.52,93628,2,8,Medium
394,M,25,3,0.91,2.27,71593,3,6,Medium
395,F,19,1,0.98,0.48,96413,0,5,Low
396,F,21,15,0.71,3.18,92624,4,9,Medium
397,M,21,0,0.74,1.23,41569,4,9,Low
398,M,19,4,0.87,0.69,44275,4,9,Low
399,F,21,0,0.86,0.09,62505,0,7,Low
400,F,24,1,0.74,0.19,85367,0,9,Low
401,M,22,11,0.53,0.18,29995,3,9,Low
402,F,21,2,0.8,0.85,30485,2,7,Low
403,M,18,3,0.87,2.78,60843,2,8,Low
404,M,22,5,0.57,1.94,81379,2,5,Low
405,M,24,17,0.77,2.09,34634,4,5,Medium
406,M,19,15,0.92,1.67,45591,3,9,Medium
407,F,25,7,0.94,1.58,78054,5,5,Medium
408,M,24,9,0.83,0.08,50569,5,7,Low
409,F,24,20,0.81,3.6,62163,0,7,Medium
410,M,25,3,0.78,3.08,90599,3,8,Low
411,F,21,14,0.58,1.46,65920,0,8,Medium
412,M,18,9,0.99,1.76,33780,5,5,Low
413,M,19,10,0.57,2.52,70494,4,8,Medium
414,F,20,18,0.95,1.54,42721,2,9,Medium
415,M,24,13,0.66,2.26,25929,3,9,Medium
416,F,21,13,0.53,3.81,49398,5,5,Medium
417,M,22,11,0.8,0.39,83050,3,6,Medium
418,M,18,4,0.52,1.98,72191,0,9,Low
419,M,25,17,0.84,0.03,93656,3,9,Medium
420,F,19,2,0.89,3.75,37715,0,5,Low
421,F,21,4,0.84,1.42,33914,3,9,Low
422,M,21,3,0.85,1.77,32374,4,6,Low
423,F,25,2,0.88,2.14,33339,0,7,Low
424,M,23,15,0.83,0.98,80652,1,7,Medium
425,F,22,12,0.98,2.1,73355,2,6,Medium
426,M,24,12,0.67,3.14,97041,2,5,Medium
427,M,23,11,0.88,0.96,26538,1,9,Low
428,M,22,13,0.65,3.98,55541,5,8,Medium
429,F,24,1,0.57,1.0,94800,2,5,Low
430,F,21,7,0.92,1.41,98013,3,6,Medium
431,F,18,9,0.51,0.04,67028,3,9,Low
432,F,21,18,0.53,1.21,45529,3,9,Medium
433,M,19,17,0.89,0.46,71579,5,6,Medium
434,M,18,18,0.93,2.75,59658,2,5,Medium
435,M,22,19,0.87,3.93,63779,3,9,High
436,M,20,6,0.79,3.63,47033,3,5,Medium
437,F,24,2,0.67,3.71,76356,0,7,Medium
438,M,22,6,0.62,1.51,25820,4,5,Low
439,M,22,4,0.96,2.39,38302,1,9,Low
440,F,23,16,0.92,2.77,78526,3,6,Medium
441,F,25,11,0.73,0.36,81726,3,6,Low
442,M,18,7,0.84,2.07,36188,1,5,Low
443,M,21,4,0.77,3.43,71126,0,5,Medium
444,F,24,7,0.85,1.91,43076,1,7,Low
445,M,23,5,0.72,0.65,26068,1,7,Low
446,F,18,14,0.76,2.91,52055,1,8,Medium
447,M,21,6,0.69,2.79,73535,5,8,Medium
448,M,19,15,0.73,2.53,69183,4,5,Medium
449,M,20,16,0.53,0.64,43003,0,8,Low
450,M,25,13,0.71,3.67,50169,0,5,Medium
451,M,21,0,0.93,3.11,84284,1,7,Low
452,F,20,3,0.89,3.37,46767,3,7,Low
453,F,20,18,0.91,2.1,57775,3,9,Medium
454,F,23,18,0.62,0.89,86938,4,9,Medium
455,F,22,5,0.7,1.86,36900,4,6,Low
456,F,21,8,0.82,2.64,39247,0,7,Medium
457,M,18,0,0.77,2.99,34565,3,5,Low
458,F,21,12,0.94,0.18,78897,1,6,Medium
459,M,18,16,0.52,1.52,27776,4,8,Medium
460,M,21,12,0.53,3.79,34135,0,9,Medium
461,F,24,18,0.59,0.91,84895,1,9,Medium
462,M,21,6,0.77,2.45,55205,5,7,Low
463,M,22,16,0.59,3.69,74099,3,7,Medium
464,M,18,5,0.68,3.59,25273,2,6,Low
465,M,20,10,0.65,1.36,67243,1,6,Medium
466,M,24,12,0.74,2.27,85291,0,8,Medium
467,F,18,9,0.71,2.1,92043,1,6,Medium
468,F,21,6,0.63,2.54,53224,3,7,Low
469,F,20,19,0.7,1.49,57342,5,5,Medium
470,F,21,4,0.98,0.8,96214,0,8,Low
471,M,23,16,0.71,0.74,53622,4,7,Low
472,F,21,12,0.75,3.99,55023,0,7,Medium
473,M,22,5,0.57,0.66,37209,4,8,Low
474,M,23,4,0.63,1.96,52077,5,6,Low
475,F,18,4,0.52,3.46,59064,2,8,Low
476,F,18,16,0.69,2.7,26933,1,8,Medium
477,F,24,6,0.71,1.58,28810,4,5,Low
478,F,20,8,0.59,0.38,93637,0,7,Low
479,F,20,0,0.79,0.78,31454,3,6,Low
480,M,23,7,0.64,2.16,97875,3,5,Medium
481,M,21,13,0.5,1.1,69650,4,9,Medium
482,M,23,16,0.93,0.81,29306,1,9,Low
483,F,20,12,0.77,0.51,27493,4,7,Low
484,F,21,11,0.76,3.57,28585,3,8,Medium
485,M,22,12,0.96,1.28,58134,5,9,Medium
486,M,24,10,0.51,2.29,75639,4,6,Medium
487,M,18,15,0.94,3.9,53201,4,8,Medium
488,M,21,2,0.74,0.08,72740,1,7,Low
489,F,18,17,0.79,1.19,26436,3,6,Medium
490,F,23,17,0.74,2.98,83241,0,5,Medium
491,M,22,2,0.82,0.64,72360,1,9,Low
492,F,22,13,0.51,3.76,79396,4,8,Medium
493,M,20,3,0.98,2.06,68406,5,6,Low
494,M,20,14,0.57,1.87,65803,3,7,Medium
495,M,19,8,0.62,3.51,50824,2,5,Medium
496,F,20,14,0.95,1.85,47824,3,7,Medium
497,M,19,4,0.74,1.75,92649,3,9,Medium
498,F,24,17,0.57,3.03,30567,5,9,Medium
499,F,20,9,0.83,0.47,25718,4,6,Low
500,F,23,15,0.57,3.85,41612,0,7,Medium
501,F,18,1,0.82,0.66,74877,4,6,Low
502,M,24,2,0.81,2.96,50669,2,5,Low
503,M,18,11,0.57,1.61,78239,0,7,Medium
504,M,19,15,0.99,1.54,36947,1,9,Medium
505,M,22,12,0.6,3.0,86337,1,6,Medium
506,F,20,20,0.86,1.12,48019,0,8,Medium
507,F,20,4,0.78,3.45,65344,2,8,Medium
508,F,21,8,0.67,3.04,59407,5,5,Medium
509,F,21,9,0.83,0.23,36955,1,7,Low
510,F,19,15,0.64,2.39,29686,2,7,Medium
511,F,23,11,0.72,1.21,41275,5,8,Low
512,M,23,15,0.82,1.48,87968,2,8,Medium
513,F,24,4,0.99,3.99,50033,1,9,Medium
514,F,21,15,0.89,2.51,99123,4,8,Medium
515,M,18,19,0.73,0.77,94205,2,7,Medium
516,M,19,8,0.74,2.33,95006,5,6,Medium
517,M,20,20,1.0,2.94,80260,4,7,Medium
518,M,18,12,0.64,3.02,61170,2,5,Medium
519,F,24,14,0.61,2.48,64134,4,6,Medium
520,M,20,7,0.86,1.0,27072,1,9,Low
521,F,25,17,0.58,3.43,32524,5,6,Medium
522,F,20,18,0.77,2.89,26203,4,5,Medium
523,M,23,6,0.75,0.38,82398,2,7,Low
524,F,23,20,0.55,3.29,44637,5,5,Medium
525,M,21,10,0.94,0.73,61835,3,8,Low
526,F,18,5,0.8,2.45,90963,1,9,Medium
527,F,18,19,0.55,3.1,54997,1,6,Medium
528,F,24,17,0.51,0.3,32016,4,6,Low
529,F,21,3,0.68,3.12,45377,1,8,Medium
530,M,20,7,0.62,1.93,85436,2,5,Low
531,F,22,20,0.74,3.29,95449,4,5,Medium
532,F,24,18,0.7,1.68,45639,3,5,Medium
533,M,20,13,0.56,3.2,88118,3,6,Medium
534,F,22,6,0.53,2.5,46187,0,7,Low
535,M,25,17,0.66,1.68,28820,0,7,Medium
536,F,19,18,0.65,0.04,27381,5,9,Medium
537,M,18,6,0.95,1.63,41253,3,6,Low
538,M,24,4,0.56,2.6,99121,0,5,Medium
539,M,22,18,0.98,2.97,53031,5,7,Medium
540,M,19,14,0.5,1.68,96681,1,6,Medium
541,F,20,11,0.8,1.71,45026,0,7,Medium
542,F,19,14,0.52,1.68,79012,3,5,Low
543,F,18,4,0.71,2.19,66761,3,9,Low
544,F,20,16,0.86,3.01,81607,0,6,Medium
545,M,19,5,0.94,2.25,28511,5,9,Low
546,M,22,3,0.91,3.46,95072,5,7,Medium
547,M,18,6,0.94,0.48,74416,2,9,Low
548,M,20,0,0.81,1.35,37713,1,5,Low
549,M,21,8,0.98,1.67,57448,2,9,Medium
550,M,25,15,0.54,2.01,38257,3,7,Medium
551,M,23,18,0.93,2.4,76330,3,7,Medium
552,M,19,7,0.67,2.86,71027,5,7,Medium
553,F,21,18,0.91,3.73,32008,2,7,Medium
554,M,25,15,0.82,0.23,40254,0,6,Low
555,F,24,19,0.94,1.29,65702,2,5,Medium
556,M,21,18,0.77,2.99,58726,1,5,Medium
557,M,23,1,0.84,0.64,52967,4,9,Low
558,M,21,11,1.0,2.67,40774,2,6,Medium
559,M,23,12,0.97,1.68,69643,1,6,Medium
560,M,20,14,0.57,0.37,77516,4,6,Low
561,M,18,13,0.54,2.62,59963,5,7,Medium
562,M,24,9,0.89,3.45,72754,1,7,Medium
563,M,18,9,0.64,0.07,98217,4,7,Low
564,F,25,20,0.91,3.84,74025,3,7,High
565,M,18,6,0.9,3.13,83999,5,8,Medium
566,M,23,6,0.63,2.41,51382,4,6,Medium
567,F,21,9,0.65,2.36,33270,3,7,Medium
568,F,19,12,0.82,0.63,57283,2,6,Medium
569,F,25,0,0.81,0.91,44197,5,5,Low
570,M,18,17,0.72,1.79,78849,4,5,Medium
571,M,25,5,0.57,1.01,39389,3,6,Low
572,F,21,1,0.89,1.26,38997,5,6,Low
573,F,19,11,0.73,2.8,46842,4,8,Medium
574,F,23,16,0.66,1.71,54907,3,8,Medium
575,M,19,13,0.85,2.94,97001,4,9,Medium
576,M,22,9,0.84,3.46,34736,0,6,Medium
577,M,18,7,0.95,0.25,28978,3,9,Low
578,F,20,0,0.7,2.39,48459,4,5,Low
579,M,18,9,0.55,3.77,82535,1,5,Medium
580,F,24,6,0.62,0.48,73421,2,7,Low
581,M,19,3,0.51,2.37,78629,1,8,Medium
582,M,24,4,0.72,0.22,25160,2,9,Low
583,F,19,19,0.85,0.78,89230,5,5,Medium
584,F,20,18,0.7,0.46,89929,2,9,Medium
585,M,20,14,0.63,3.97,56608,3,6,Medium
586,F,23,13,0.73,3.43,34344,1,6,Medium
587,F,19,6,0.64,2.82,39804,1,9,Low
588,F,21,8,0.98,1.88,57469,3,8,Medium
589,F,19,1,0.88,2.66,75920,1,7,Low
590,M,25,4,0.76,3.15,29609,4,7,Low
591,M,19,7,0.84,0.78,69194,4,8,Low
592,F,24,0,0.89,2.02,85916,0,5,Low
593,F,24,10,0.56,0.45,69224,1,9,Low
594,F,25,16,0.89,1.05,34503,3,5,Medium
595,M,18,7,0.68,2.72,31960,5,5,Low
596,F,23,10,0.94,1.32,86208,3,9,Medium
597,M,18,3,0.87,3.55,62542,3,9,Medium
598,F,23,20,0.81,0.49,94757,0,7,Medium
599,F,25,19,0.58,1.61,66757,3,7,Medium
600,F,21,10,0.7,1.46,75192,2,9,Medium
601,M,21,9,0.72,2.08,70661,2,8,Medium
602,M,18,18,0.8,1.07,45364,1,9,Medium
603,M,25,3,0.99,0.63,64300,2,7,Low
604,M,25,19,0.69,3.53,91425,2,8,Medium
605,M,20,8,0.68,2.29,34604,0,5,Low
606,F,25,4,0.82,2.79,26472,2,8,Low
607,F,23,15,0.84,0.27,65365,2,5,Medium
608,M,23,9,0.63,3.41,55261,3,8,Medium
609,F,23,6,0.84,2.88,96384,5,9,Medium
610,M,21,14,0.79,1.83,49331,0,7,Medium
611,M,19,10,0.51,2.61,56478,1,8,Medium
612,F,19,17,0.76,0.12,48207,5,6,Low
613,M,19,20,0.93,3.89,45865,5,5,Medium
614,M,23,7,0.86,1.03,72644,3,5,Medium
615,M,23,13,0.77,0.23,66417,0,5,Medium
616,M,21,20,0.72,1.46,37191,3,9,Medium
617,F,25,16,0.78,2.73,26702,0,7,Medium
618,M,24,4,0.84,2.59,50984,5,7,Low
619,F,24,3,0.76,3.91,66123,2,6,Medium
620,F,20,13,0.67,2.04,77134,2,7,Medium
621,M,18,10,0.65,2.33,84022,0,6,Medium
622,M,19,8,0.6,2.76,50353,5,9,Low
623,F,19,9,0.71,2.74,81349,5,7,Medium
624,F,20,12,0.67,0.4,30767,5,8,Low
625,M,20,17,0.59,3.18,39271,4,6,Medium
626,F,24,1,0.97,0.3,65214,2,6,Low
627,M,23,9,0.53,2.98,29618,0,7,Low
628,F,18,7,0.76,0.58,86049,0,6,Low
629,F,23,2,0.74,3.84,36986,1,8,Medium
630,M,24,5,0.73,0.07,95473,0,9,Medium
631,F,21,16,0.55,2.67,33460,0,7,Medium
632,F,21,10,0.8,2.52,28272,2,5,Low
633,M,21,13,0.99,0.31,96267,2,7,Medium
634,M,22,4,0.97,2.27,30769,3,7,Low
635,F,22,5,0.76,1.36,84832,0,7,Low
636,F,25,12,0.71,2.94,88204,5,9,Medium
637,M,21,0,0.65,1.56,60933,0,9,Low
638,M,25,7,0.5,3.93,53232,3,5,Medium
639,F,25,10,0.65,0.59,51618,4,9,Medium
640,F,21,11,0.7,2.75,69365,5,9,Medium
641,F,21,1,0.56,1.74,80339,2,5,Low
642,F,20,7,0.81,3.35,71017,2,6,Medium
643,F,25,20,0.8,3.56,31097,1,9,Medium
644,M,21,12,0.96,0.68,61118,2,7,Low
645,F,24,9,0.89,0.85,56188,5,9,Low
646,M,21,9,0.87,2.84,31510,3,5,Medium
647,M,19,5,0.53,2.68,96218,2,7,Medium
648,F,18,20,0.97,1.5,58403,1,7,Medium
649,M,24,11,0.6,0.78,70987,5,8,Medium
650,M,19,16,0.84,0.91,39428,0,9,Medium
651,F,23,1,0.64,0.75,54654,0,7,Low
652,M,23,4,0.63,2.19,39603,3,7,Low
653,M,21,14,0.94,3.72,53006,5,8,Medium
654,F,23,19,0.77,2.19,37946,4,9,Medium
655,F,25,0,0.78,3.61,97085,3,8,Medium
656,F,24,16,0.92,0.99,71492,1,7,Medium
657,M,23,16,0.83,0.69,68037,0,5,Medium
658,F,24,13,0.57,3.29,64691,0,7,Medium
659,M,20,19,0.72,2.61,99241,1,9,Medium
660,M,18,18,0.99,3.64,91230,1,7,Medium
661,F,24,4,0.98,3.8,70922,1,8,Medium
662,F,19,3,0.9,0.47,55931,0,7,Low
663,F,21,14,0.81,1.19,35846,2,7,Low
664,F,20,15,0.69,1.3,52682,1,5,Medium
665,M,24,3,0.7,0.66,63726,2,7,Low
666,M,18,7,0.59,1.05,72958,0,5,Low
667,M,24,1,0.51,3.49,29972,0,5,Low
668,F,19,9,0.8,0.64,78208,4,5,Medium
669,M,19,3,0.66,0.35,84482,1,6,Low
670,M,22,14,0.51,3.92,56818,5,9,Medium
671,F,24,1,0.95,1.61,51219,4,8,Low
672,M,24,9,0.76,2.91,38564,0,5,Low
673,M,18,1,0.97,0.68,83579,5,8,Low
674,F,21,7,0.81,1.85,38453,0,5,Low
675,F,22,5,0.9,3.74,84254,3,5,Medium
676,M,18,6,0.66,3.36,56071,0,7,Medium
677,M,20,14,0.79,0.74,98503,3,6,Medium
678,M,20,11,0.82,2.75,39142,3,6,Medium
679,F,23,18,0.62,1.5,87954,2,7,Medium
680,F,25,7,0.76,1.91,95079,0,5,Medium
681,F,20,9,0.94,1.54,81088,2,5,Low
682,M,25,16,0.69,0.28,72704,3,9,Medium
683,M,20,14,0.75,1.14,67593,4,9,Medium
684,F,22,13,0.63,3.37,73113,1,5,Medium
685,F,20,14,0.92,2.42,47217,0,7,Medium
686,M,20,19,0.9,0.09,44081,3,6,Low
687,M,22,7,0.98,2.48,30892,2,8,Low
688,M,18,2,0.51,1.99,65259,4,9,Low
689,F,19,16,0.51,0.79,66904,0,6,Medium
690,M,22,6,0.63,2.82,66379,5,6,Medium
691,F,25,18,0.71,2.87,27883,2,9,Medium
692,M,23,14,0.7,3.78,78439,0,6,Medium
693,F,24,8,0.5,0.23,77458,2,7,Low
694,F,22,1,0.5,2.02,91008,5,9,Low
695,F,20,18,0.74,0.78,31549,1,6,Medium
696,M,21,18,0.8,1.23,93580,2,8,Medium
697,F,23,8,0.77,1.79,28413,1,8,Low
698,F,21,14,0.7,3.77,94000,2,8,Medium
699,F,23,4,0.74,0.91,94817,2,9,Low
700,F,19,16,0.69,0.74,81179,2,8,Medium
701,F,19,19,0.78,3.08,90927,3,5,Medium
702,F,24,15,0.64,2.48,40500,0,9,Medium
703,F,25,7,0.77,1.9,86192,5,7,Low
704,M,21,5,0.78,0.77,68574,5,5,Low
705,F,20,7,0.61,0.27,97524,5,5,Low
706,M,25,7,0.62,1.56,81630,1,7,Medium
707,F,21,6,0.6,2.98,43824,5,5,Low
708,F,22,5,0.97,3.32,37103,5,8,Medium
709,F,21,5,0.98,0.42,93720,2,8,Low
710,F,24,18,0.83,3.4,73904,0,8,Medium
711,M,23,7,0.72,0.95,60580,2,7,Low
712,F,22,2,0.52,1.79,38991,1,9,Low
713,M,25,1,0.59,2.54,29631,1,5,Low
714,M,18,18,0.66,2.09,66190,3,9,Medium
715,M,19,16,0.96,1.83,99968,5,8,Medium
716,M,21,12,0.94,2.85,72177,5,5,Medium
717,F,18,15,0.84,2.55,40640,2,6,Medium
718,M,21,1,0.86,0.34,85347,2,5,Low
719,F,18,19,0.78,2.16,88009,0,6,Medium
720,M,21,11,0.51,2.75,40004,0,5,Medium
721,F,19,7,0.63,2.57,34941,4,9,Low
722,F,22,16,0.69,0.28,63052,2,6,Low
723,M,25,3,0.99,2.74,72444,4,5,Medium
724,M,20,1,0.87,0.71,92301,0,8,Low
725,M,24,7,0.75,1.96,44757,5,9,Medium
726,F,18,13,0.61,0.29,90378,5,6,Medium
727,F,21,18,0.89,1.87,36501,5,9,Medium
728,F,20,14,0.55,2.57,91849,2,9,Medium
729,M,21,8,0.7,3.68,66460,4,6,Medium
730,F,19,4,0.54,0.81,51018,5,6,Low
731,F,18,4,0.58,0.75,83411,0,6,Low
732,F,20,0,0.74,3.45,97380,4,5,Low
733,M,21,17,0.91,2.68,79088,5,5,Medium
734,M,20,14,0.98,0.63,99308,5,6,Medium
735,F,23,0,0.89,0.15,62825,4,7,Low
736,M,21,20,0.85,0.54,77165,0,6,Medium
737,F,25,12,0.53,2.66,38677,4,6,Low
738,F,24,11,0.54,2.38,68071,5,5,Medium
739,F,22,9,0.51,0.76,47854,1,7,Low
740,M,22,12,0.53,0.47,64636,2,5,Low
741,M,18,11,0.59,3.39,47183,1,6,Medium
742,F,22,12,0.69,1.94,45339,3,5,Low
743,F,20,3,0.91,1.28,84041,3,9,Low
744,F,18,19,0.67,3.77,41513,2,7,Medium
745,M,22,0,0.77,0.49,30960,0,6,Low
746,F,25,5,0.92,1.55,60667,4,6,Low
747,F,24,12,0.8,3.0,30943,1,8,Medium
748,F,18,3,0.6,0.21,65007,2,5,Low
749,M,24,3,0.79,0.93,95912,0,8,Low
750,F,18,4,0.54,0.4,51359,1,8,Low
751,F,24,19,0.64,0.14,51826,2,8,Low
752,F,23,19,0.98,2.66,97358,3,9,Medium
753,F,19,19,0.81,3.6,89761,3,9,Medium
754,F,21,5,0.78,1.35,54601,5,7,Low
755,M,19,5,0.76,3.9,46690,3,5,Low
756,F,25,3,0.54,3.46,96821,1,6,Medium
757,F,25,8,0.84,3.8,42301,1,6,Medium
758,F,22,19,0.78,1.25,48866,4,6,Medium
759,M,21,7,0.92,3.84,42821,3,7,Medium
760,F,25,5,0.61,2.41,82383,1,8,Medium
761,F,19,7,0.82,1.74,96874,3,5,Low
762,M,19,9,0.8,2.45,61045,0,8,Medium
763,F,18,10,0.78,2.51,61327,1,9,Medium
764,F,18,2,0.64,2.52,86949,4,7,Medium
765,F,22,6,0.95,1.64,63610,0,6,Low
766,F,20,6,0.69,3.2,86950,1,7,Medium
767,F,21,2,0.53,2.25,46521,0,6,Low
768,F,21,11,0.99,0.4,84477,0,5,Low
769,F,25,19,0.93,1.34,86999,1,6,Medium
770,F,21,16,0.88,3.69,29425,0,5,Medium
771,M,20,18,0.5,2.85,72687,2,6,Medium
772,F,20,4,0.77,2.32,70364,0,7,Low
773,M,25,2,0.6,1.69,33661,1,6,Low
774,M,19,15,0.85,3.43,86375,3,7,Medium
775,M,19,20,0.9,1.43,42311,1,7,Medium
776,M,20,1,0.76,3.79,72017,2,6,Low
777,M,24,14,0.82,2.21,34860,1,6,Low
778,M,25,14,0.97,2.79,98423,5,9,Medium
779,M,21,8,0.85,1.02,41557,0,6,Low
780,F,25,13,0.53,3.4,49936,1,6,Medium
781,F,22,7,0.61,1.04,64772,1,5,Low
782,M,25,14,0.93,2.71,33785,4,5,Medium
783,M,22,15,0.66,0.48,58572,0,7,Medium
784,M,22,4,0.66,3.04,55400,1,8,Medium
785,F,21,7,0.51,2.0,55715,5,8,Low
786,M,24,17,0.62,1.08,95580,3,9,Medium
787,M,25,6,0.96,2.29,68326,0,6,Low
788,M,19,10,0.62,1.11,64894,4,5,Low
789,M,19,1,0.5,0.07,99251,5,8,Low
790,F,25,7,0.75,2.2,34419,2,8,Low
791,M,24,6,0.55,0.47,91895,0,7,Low
792,M,20,17,0.79,2.82,98179,3,5,Medium
793,F,22,14,0.72,0.09,47222,3,7,Low
794,F,20,16,0.95,3.07,80167,2,7,Medium
795,M,25,8,0.64,3.81,46275,3,5,Medium
796,M,20,12,0.79,3.9,84775,5,8,Medium
797,F,21,13,0.57,3.1,49258,3,6,Medium
798,F,21,17,0.91,0.84,99833,1,7,Medium
799,M,20,15,0.97,2.29,29745,1,6,Medium
800,M,24,5,0.98,3.89,97779,4,5,Medium
801,F,25,11,0.89,2.8,65603,1,9,Medium
802,M,23,2,0.57,3.37,54447,1,7,Medium
803,M,19,1,0.61,0.54,97924,0,7,Low
804,M,25,5,0.56,0.83,94607,4,8,Low
805,M,18,2,0.85,3.89,78733,2,7,Medium
806,M,19,13,0.66,1.27,91004,3,6,Medium
807,M,18,12,0.57,1.82,78003,2,7,Medium
808,M,23,14,0.75,2.72,73842,3,6,Medium
809,F,22,11,0.81,0.51,78757,1,9,Medium
810,F,19,17,0.62,2.1,76460,1,8,Medium
811,F,25,15,0.63,1.33,36594,1,6,Low
812,M,20,11,0.51,3.29,35496,2,6,Medium
813,M,21,16,0.62,0.46,49051,0,8,Medium
814,M,25,10,0.78,1.62,56212,3,9,Low
815,M,19,20,0.61,2.99,63831,4,7,Medium
816,M,20,3,0.73,0.43,34897,4,8,Low
817,F,19,11,0.94,2.1,91403,4,8,Medium
818,M,18,4,0.79,3.87,59699,4,9,Medium
819,F,21,20,0.55,2.73,63175,4,8,Medium
820,M,19,0,0.96,2.81,33938,0,9,Low
821,M,18,16,0.67,2.76,88416,0,5,Medium
822,M,21,20,0.6,2.33,50486,0,5,Medium
823,F,24,19,0.62,0.91,77670,5,5,Medium
824,M,20,5,0.59,2.3,36365,2,7,Low
825,M,25,13,0.9,0.7,86144,5,6,Medium
826,M,18,2,0.95,0.92,74242,0,6,Low
827,M,25,8,0.52,0.45,41579,3,6,Low
828,M,19,13,0.95,2.88,50279,3,6,Medium
829,F,20,20,0.65,2.74,26428,2,8,Medium
830,F,23,17,0.99,2.41,65189,3,8,Medium
831,F,24,11,0.91,2.67,39998,5,6,Medium
832,F,22,1,0.56,0.91,67514,1,8,Low
833,M,20,20,0.53,3.91,31261,2,6,Medium
834,F,19,19,0.7,3.06,83559,1,8,Medium
835,M,18,12,0.81,1.78,77166,3,8,Medium
836,F,24,9,0.74,3.83,68556,5,5,Medium
837,F,19,3,0.73,2.38,62025,3,9,Medium
838,M,21,5,0.97,1.01,47397,5,5,Low
839,M,24,18,0.89,3.14,25263,1,7,Medium
840,F,21,3,0.65,2.68,39278,1,7,Medium
841,M,19,3,0.85,1.84,85648,1,5,Low
842,M,25,1,0.88,0.53,93375,4,5,Low
843,M,19,18,0.65,0.94,54326,3,9,Medium
844,F,24,11,0.73,3.95,25843,1,9,Medium
845,M,25,10,0.88,0.56,42817,1,5,Low
846,M,25,15,0.59,2.94,92260,5,5,Medium
847,F,25,3,0.73,0.45,59565,2,5,Low
848,M,23,14,0.67,2.07,79111,4,5,Medium
849,M,19,13,0.93,1.56,90552,0,7,Medium
850,M,25,10,0.93,3.79,59493,1,8,Medium
851,F,23,3,0.6,1.05,29859,2,6,Low
852,F,21,11,0.85,1.41,97101,0,9,Medium
853,M,22,18,0.65,3.24,60632,3,5,Medium
854,M,19,11,0.75,3.63,99280,1,8,Medium
855,M,25,7,0.65,2.35,35909,5,8,Medium
856,M,24,5,0.59,2.17,75917,5,7,Medium
857,M,20,16,0.53,0.83,83389,4,8,Medium
858,M,22,13,0.77,2.61,34849,1,9,Medium
859,F,23,19,1.0,0.67,92848,0,6,Medium
860,F,19,11,0.84,3.42,50359,4,5,Medium
861,M,22,4,0.86,0.07,57423,4,8,Low
862,F,22,13,0.8,0.68,83493,0,9,Medium
863,F,24,7,0.76,1.46,56723,4,7,Medium
864,F,24,11,0.65,1.86,76323,2,7,Medium
865,M,18,3,0.6,2.05,32046,3,5,Low
866,F,22,16,0.91,2.49,99305,1,7,Medium
867,M,20,20,0.98,3.65,47885,3,8,Medium
868,M,20,10,0.7,1.2,75759,5,6,Medium
869,F,20,2,0.75,2.92,34419,0,8,Low
870,F,21,6,0.96,2.96,58186,2,8,Medium
871,M,23,20,1.0,1.31,64835,3,6,Medium
872,M,23,14,0.65,3.19,65556,2,9,Medium
873,F,23,10,0.88,3.77,81776,1,6,Medium
874,F,18,10,0.51,0.63,29177,0,5,Low
875,M,24,16,0.57,0.11,31381,4,6,Low
876,F,25,16,0.69,2.98,72390,3,9,Medium
877,F,21,4,1.0,2.97,99119,2,6,Medium
878,F,22,6,0.79,3.45,89749,5,9,Medium
879,F,20,11,0.56,3.87,99760,0,7,Medium
880,M,23,1,0.55,1.05,30965,4,6,Low
881,M,20,10,0.65,2.95,52734,5,7,Medium
882,M,18,16,0.59,2.75,47808,0,6,Medium
883,F,18,18,0.74,3.07,66615,4,9,Medium
884,M,25,0,0.6,0.64,94278,5,8,Low
885,M,23,17,0.66,3.67,75149,1,6,Medium
886,F,24,18,0.6,2.03,96754,3,9,Medium
887,F,18,10,0.62,2.89,75594,5,5,Medium
888,F,21,4,0.74,1.83,46661,3,9,Low
889,M,22,11,0.52,2.62,48883,3,5,Low
890,M,23,12,0.69,3.47,63569,4,5,Medium
891,M,23,2,0.86,2.28,97840,3,8,Medium
892,F,25,3,0.65,1.55,71246,5,8,Low
893,F,18,6,0.69,2.55,47958,1,9,Low
894,M,23,9,0.81,0.28,58305,0,8,Low
895,M,23,4,0.97,2.73,54187,5,6,Low
896,F,20,8,0.95,3.53,90549,5,7,Medium
897,F,25,1,0.94,1.51,97761,0,8,Medium
898,M,19,19,0.84,0.56,77285,0,9,Medium
899,F,23,8,0.67,1.01,31180,1,8,Low
900,M,24,12,0.83,3.45,37752,3,6,Medium
901,M,18,3,0.79,2.69,64545,5,8,Medium
902,F,24,2,0.88,0.51,90372,0,9,Low
903,M,23,7,0.73,3.88,48139,0,6,Medium
904,F,24,12,0.65,2.88,25243,5,6,Medium
905,F,24,8,0.81,0.43,62344,4,8,Low
906,M,19,13,0.73,3.29,47595,1,5,Medium
907,F,25,1,0.74,3.14,26387,3,5,Low
908,M,23,18,0.71,3.18,55785,5,7,Medium
909,M,21,3,0.9,2.28,32294,5,5,Low
910,M,19,11,0.88,1.83,52952,1,7,Medium
911,M,21,17,0.8,0.67,55492,1,6,Medium
912,M,18,10,0.92,0.13,67932,5,6,Low
913,F,18,10,0.81,1.3,81353,3,7,Medium
914,F,19,3,0.51,2.48,78846,3,8,Low
915,F,24,2,0.58,2.72,35715,4,7,Low
916,M,18,14,0.62,2.22,43569,0,7,Medium
917,M,20,13,0.5,3.79,27862,0,9,Medium
918,M,23,7,0.8,1.87,38548,2,9,Low
919,M,19,13,0.7,2.64,56822,0,7,Medium
920,F,19,10,0.59,0.0,63739,3,6,Low
921,F,25,12,0.98,1.42,31122,2,8,Medium
922,M,24,14,0.98,1.31,42089,0,5,Low
923,F,23,6,0.5,1.58,86047,1,9,Medium
924,M,25,7,0.63,0.4,83769,3,8,Low
925,F,23,3,0.6,2.88,52133,5,7,Low
926,M,20,2,0.6,3.95,66942,0,6,Medium
927,M,25,16,0.59,1.21,92660,5,9,Medium
928,F,24,2,0.74,1.31,45664,4,5,Low
929,F,22,20,0.76,1.53,95724,4,7,Medium
930,M,18,1,0.92,1.34,47362,4,8,Low
931,M,25,16,0.9,3.95,94624,4,9,Medium
932,M,23,1,0.8,1.19,67672,5,6,Low
933,F,25,3,0.63,0.73,99184,0,5,Low
934,F,18,19,0.67,0.21,33540,2,5,Medium
935,M,20,20,0.55,2.04,31876,5,6,Medium
936,F,21,2,0.7,1.92,96341,1,6,Low
937,M,21,12,0.64,3.96,84299,5,7,Medium
938,M,21,5,0.54,1.35,84601,1,6,Low
939,M,18,3,0.59,0.3,79459,4,5,Low
940,F,22,14,0.9,3.05,35300,2,7,Medium
941,M,25,0,0.7,2.43,71825,3,9,Low
942,M,18,18,0.9,2.7,65443,2,6,Medium
943,M,24,13,0.62,2.4,84459,2,8,Medium
944,M,20,2,0.66,3.29,58429,3,5,Low
945,M,23,2,0.98,1.06,73000,3,7,Low
946,M,22,1,0.58,0.21,53193,4,8,Low
947,M,21,10,0.7,1.41,47826,3,8,Low
948,M,19,13,0.89,0.87,52422,4,9,Medium
949,F,20,6,0.57,2.16,72455,1,9,Medium
950,F,21,19,0.51,3.44,72546,5,6,Medium
951,F,22,2,0.74,2.86,59164,5,7,Medium
952,F,23,2,0.5,3.47,91519,3,8,Medium
953,M,22,0,0.96,0.85,77956,4,7,Low
954,M,18,7,0.8,0.75,27243,5,5,Low
955,F,24,4,0.62,2.6,58758,2,7,Low
956,F,20,12,0.7,1.16,58964,4,7,Medium
957,F,23,8,0.8,3.82,28865,5,9,Medium
958,F,25,8,0.65,1.11,63779,4,6,Low
959,M,22,16,0.78,3.67,90068,0,8,Medium
960,M,18,13,0.59,0.64,77963,5,8,Medium
961,F,23,6,0.75,2.07,38690,5,9,Low
962,M,21,11,0.85,0.09,37443,0,7,Low
963,F,18,16,0.51,1.86,26132,1,5,Low
964,F,21,1,1.0,1.24,86899,4,9,Low
965,F,21,3,0.88,2.4,55033,1,5,Low
966,M,23,11,0.56,0.33,84576,1,5,Low
967,M,18,0,0.93,0.16,56788,0,7,Low
968,M,25,9,0.63,1.11,99407,2,5,Low
969,F,20,11,1.0,0.96,56796,4,5,Low
970,M,22,20,0.96,0.56,88447,0,9,Medium
971,F,20,11,0.92,0.06,66208,4,5,Low
972,F,20,19,0.68,3.32,43885,2,8,Medium
973,F,20,20,0.83,0.3,97738,5,9,Medium
974,F,23,4,0.57,0.73,81506,4,6,Low
975,M,24,1,0.76,0.76,49218,2,6,Low
976,M,22,4,0.59,3.69,91545,5,5,Low
977,F,20,18,0.76,2.46,25352,2,6,Medium
978,M,23,8,0.83,0.68,53199,1,9,Low
979,F,21,2,0.81,2.35,27017,2,9,Low
980,F,19,1,0.62,3.43,76712,2,5,Medium
981,F,18,7,0.87,0.83,90890,4,6,Medium
982,M,20,1,0.77,3.62,30713,5,7,Low
983,M,19,20,0.77,2.31,75277,1,7,Medium
984,F,20,7,0.78,1.0,42503,2,7,Low
985,M,19,16,0.89,3.02,55072,3,9,Medium
986,F,18,1,0.71,2.37,84579,2,8,Low
987,M,23,10,0.52,3.04,70182,1,7,Low
988,F,18,16,0.94,3.11,64996,1,5,Medium
989,F,25,11,0.61,3.23,70549,5,6,Medium
990,M,19,18,0.51,1.49,39418,1,6,Medium
991,F,25,3,0.95,0.81,27456,4,8,Low
992,F,23,19,0.51,3.9,64702,0,8,Medium
993,F,23,7,0.67,3.49,89260,0,8,Medium
994,F,18,9,0.71,0.06,94329,0,9,Low
995,M,24,10,0.56,0.67,58554,3,7,Low
996,F,22,14,0.81,2.05,57995,4,6,Medium
997,M,21,3,0.99,3.69,52707,5,5,Medium
998,F,20,1,0.77,3.33,83857,1,9,Medium
999,M,22,1,0.67,3.99,32017,5,8,Low
1000,M,18,6,0.93,0.58,36233,3,9,Low
1001,M,22,0,0.71,0.82,46250,5,8,Low
1002,M,18,14,0.62,2.19,36967,2,9,Medium
1003,M,21,13,0.6,3.03,89650,5,9,Medium
1004,F,20,2,0.74,0.54,25375,4,9,Low
1005,F,25,12,0.64,0.53,70810,0,7,Medium
1006,M,21,20,0.8,1.86,28155,1,9,Medium
1007,F,23,11,0.91,1.18,64786,3,6,Low
1008,F,19,13,0.5,3.82,31262,3,5,Medium
1009,M,19,4,0.94,1.66,94822,0,7,Medium
1010,M,23,10,0.93,0.43,48133,5,6,Low
1011,M,19,9,0.7,2.6,63551,2,8,Low
1012,M,19,8,0.52,3.82,68097,3,7,Medium
1013,F,19,12,0.6,2.84,32354,0,7,Medium
1014,M,18,5,0.82,2.59,82067,0,8,Medium
1015,F,21,8,0.97,2.75,26474,1,6,Low
1016,M,25,8,0.84,0.95,36369,1,6,Low
1017,F,24,4,0.79,2.72,88469,4,8,Medium
1018,M,25,3,0.99,2.14,83419,0,8,Low
1019,F,23,6,0.64,1.96,43422,1,9,Medium
1020,M,21,16,0.65,2.51,82968,5,5,Medium
1021,F,20,7,0.72,3.9,55605,2,6,Medium
1022,F,20,15,0.6,2.86,72438,2,9,Medium
1023,F,24,13,0.8,2.19,58055,3,6,Medium
1024,F,25,5,0.75,1.0,67741,5,9,Low
1025,F,18,14,0.75,0.62,64519,0,8,Medium
1026,F,20,9,0.75,0.05,95201,1,9,Medium
1027,F,19,2,0.74,2.34,53687,0,9,Low
1028,F,21,6,0.83,1.42,57929,1,7,Low
1029,F,20,1,0.55,0.99,28364,2,5,Low
1030,F,21,13,0.93,2.94,75179,1,7,Medium
1031,M,24,14,0.6,3.08,67344,1,7,Medium
1032,F,23,0,0.74,2.61,36360,3,6,Low
1033,F,23,4,0.63,2.92,80597,1,5,Medium
1034,F,19,12,0.94,1.98,82317,2,5,Medium
1035,M,19,14,0.55,0.87,49739,3,6,Low
1036,F,23,13,0.93,0.38,76190,0,8,Medium
1037,F,22,6,0.95,0.76,26145,0,5,Low
1038,M,18,6,0.9,2.05,75767,5,5,Low
1039,F,25,1,0.86,1.55,40596,0,7,Low
1040,F,24,19,0.93,1.84,90730,1,6,Medium
1041,F,23,14,0.85,3.66,25081,1,9,Medium
1042,F,18,10,0.76,3.99,91950,2,8,Medium
1043,M,22,5,0.91,0.44,42657,3,8,Low
1044,F,22,2,0.87,3.75,69324,0,5,Medium
1045,F,22,6,0.88,1.82,55312,0,8,Low
1046,M,22,20,0.88,3.25,54567,5,7,Medium
1047,M,22,5,0.61,1.57,86224,4,7,Low
1048,M,19,2,0.76,1.62,87595,0,8,Low
1049,M,25,20,0.7,3.27,42740,2,8,Medium
1050,F,18,16,0.76,1.96,57882,2,6,Medium
1051,F,18,17,0.51,3.5,86426,0,8,Medium
1052,M,25,19,0.6,2.5,78486,0,6,Medium
1053,F,19,6,0.93,2.17,94392,1,9,Medium
1054,F,25,10,0.98,3.69,80174,0,5,Medium
1055,M,20,20,0.96,2.16,54641,1,9,Medium
1056,M,20,1,0.77,2.12,65737,3,7,Low
1057,M,25,13,0.78,3.78,66860,1,5,Medium
1058,F,24,15,0.75,1.17,70556,4,6,Medium
1059,F,19,2,0.88,1.8,58233,4,6,Low
1060,F,19,13,0.61,0.87,27944,3,7,Low
1061,F,22,15,0.91,0.54,36803,3,8,Medium
1062,F,23,3,0.81,1.56,87294,5,6,Low
1063,F,21,12,0.96,0.83,97332,2,6,Medium
1064,F,20,4,0.6,3.42,56526,0,9,Medium
1065,M,23,7,0.76,2.63,25915,3,5,Low
1066,F,19,7,0.56,1.92,25245,5,8,Low
1067,F,21,12,0.54,1.88,79594,3,7,Medium
1068,F,25,5,0.97,2.14,39667,3,5,Low
1069,M,22,4,0.57,2.93,50994,1,5,Low
1070,F,22,3,0.65,0.26,37762,5,7,Low
1071,M,18,0,0.86,3.39,79342,1,9,Medium
1072,F,24,16,0.92,0.61,65982,3,7,Medium
1073,M,19,11,0.81,1.58,58453,0,6,Medium
1074,F,25,0,0.77,3.18,65151,0,6,Medium
1075,F,20,14,0.93,0.42,72656,5,8,Medium
1076,M,25,11,0.8,1.04,80287,3,6,Medium
1077,F,19,7,0.8,1.97,99516,2,9,Medium
1078,F,23,15,0.68,0.81,83518,3,7,Low
1079,M,21,12,0.93,1.67,39187,0,6,Low
1080,F,22,8,0.8,3.28,46629,4,9,Medium
1081,M,23,8,0.94,2.62,89895,0,6,Medium
1082,M,25,5,0.75,0.15,44758,2,7,Low
1083,M,20,20,0.86,3.73,62687,1,9,Medium
1084,M,18,1,0.71,0.04,64298,4,9,Low
1085,F,21,17,0.71,0.33,95143,5,7,Medium
1086,F,19,3,0.56,0.7,39411,4,9,Low
1087,M,21,10,0.65,2.76,57913,3,5,Medium
1088,M,19,16,0.74,3.35,88681,1,8,Medium
1089,F,23,10,0.83,1.15,40502,3,6,Low
1090,F,20,16,1.0,2.94,83892,4,5,Medium
1091,F,22,13,0.73,3.96,65721,2,5,Medium
1092,F,20,9,0.83,2.84,73235,5,6,Medium
1093,F,19,15,0.7,0.94,76473,4,7,Medium
1094,F,23,13,0.76,2.8,88355,0,7,Medium
1095,M,19,11,0.59,3.93,25611,4,7,Medium
1096,F,23,11,0.95,2.05,87757,0,5,Medium
1097,M,19,0,0.9,0.06,74753,4,7,Low
1098,M,22,1,0.69,2.88,68188,4,8,Low
1099,M,21,11,0.57,0.72,29819,5,8,Low
1100,F,23,4,0.89,3.46,55076,5,8,Medium
1101,F,25,0,0.99,3.31,49569,0,9,Low
1102,F,22,13,0.86,3.99,40895,5,5,Medium
1103,F,24,10,0.61,2.36,54176,5,5,Medium
1104,F,20,17,0.6,3.74,65231,4,6,Medium
1105,M,21,6,0.72,1.37,32542,5,5,Low
1106,F,21,15,0.69,2.96,86334,1,5,Medium
1107,M,25,9,0.89,3.77,91162,5,6,Medium
1108,M,21,15,0.62,3.1,66892,1,5,Medium
1109,M,19,16,0.69,1.83,88112,5,8,Medium
1110,M,20,10,0.74,3.17,78486,2,7,Medium
1111,F,22,5,0.74,3.74,80256,4,6,Medium
1112,F,22,2,0.82,2.52,97933,2,9,Medium
1113,M,24,1,0.62,0.2,60794,3,7,Low
1114,F,21,7,0.86,2.59,87711,3,6,Medium
1115,M,21,13,0.54,3.72,81954,5,6,Medium
1116,F,22,1,0.82,1.88,41767,2,9,Low
1117,M,23,2,0.57,0.09,95977,1,8,Low
1118,F,19,15,0.93,3.89,43426,2,6,Medium
1119,F,20,15,0.76,3.96,31474,5,7,Medium
1120,M,20,13,0.69,0.21,56863,4,6,Low
1121,F,19,2,0.89,0.76,35204,0,5,Low
1122,F,19,17,0.53,3.77,66521,2,7,Medium
1123,M,23,17,0.83,0.05,74963,4,9,Medium
1124,M,20,19,0.68,0.1,94985,5,5,Medium
1125,M,21,6,0.96,2.88,95326,1,6,Medium
1126,M,20,20,0.55,1.69,50667,3,7,Medium
1127,F,24,1,0.75,0.63,30473,2,8,Low
1128,F,24,3,0.72,0.66,59617,3,5,Low
1129,M,24,1,0.85,2.95,64116,0,9,Medium
1130,F,20,20,0.55,1.92,86294,0,7,Medium
1131,F,23,18,0.66,3.89,91818,2,8,Medium
1132,M,18,9,0.79,1.53,47516,5,8,Medium
1133,M,22,13,0.63,3.29,74492,4,6,Medium
1134,F,19,7,0.51,2.76,41404,4,7,Low
1135,F,18,7,0.8,2.07,74439,2,7,Medium
1136,M,24,10,0.81,0.93,68759,5,8,Medium
1137,F,21,19,0.89,2.45,70162,0,8,Medium
1138,F,23,13,0.7,3.48,64877,3,7,Medium
1139,M,18,7,0.89,1.69,38690,1,9,Low
1140,F,23,20,0.9,3.53,89621,1,9,High
1141,F,23,19,0.96,1.08,98888,1,7,Medium
1142,F,19,5,0.5,3.48,34927,3,6,Medium
1143,F,20,12,0.66,2.57,71603,4,7,Medium
1144,F,23,6,0.96,1.59,45977,1,6,Low
1145,M,25,14,0.66,0.76,41544,0,6,Medium
1146,F,20,2,0.67,2.8,85439,2,7,Medium
1147,M,19,13,0.65,2.77,36741,1,6,Medium
1148,F,24,16,0.56,1.57,53871,0,5,Medium
1149,F,23,17,0.8,3.59,47763,1,7,Medium
1150,M,20,1,0.59,1.87,50232,5,7,Low
1151,F,19,19,0.92,2.49,30783,5,9,Medium
1152,M,25,5,0.85,2.76,56905,3,7,Medium
1153,M,18,16,0.54,1.39,39496,5,5,Medium
1154,M,24,1,0.76,3.79,92368,1,7,Medium
1155,M,21,9,0.97,3.0,52732,2,9,Medium
1156,F,22,16,0.87,0.48,34078,3,7,Medium
1157,F,23,1,0.92,3.1,59831,4,5,Low
1158,M,22,5,0.57,2.92,75492,5,5,Medium
1159,F,24,2,0.53,0.61,48403,3,7,Low
1160,M,25,4,0.6,3.28,73003,4,8,Medium
1161,F,19,3,0.7,0.77,31000,2,6,Low
1162,F,19,20,0.71,1.19,41665,5,7,Medium
1163,M,18,11,0.51,3.57,67894,2,5,Medium
1164,F,23,3,0.6,2.88,58911,1,5,Low
1165,F,24,16,0.78,0.53,81672,4,6,Medium
1166,F,25,2,0.92,3.96,78295,5,6,Medium
1167,M,18,1,0.73,3.55,45935,1,5,Low
1168,M,25,9,0.63,3.02,98168,2,5,Medium
1169,F,21,13,0.81,2.3,58561,1,7,Medium
1170,F,25,14,0.81,1.93,33533,4,7,Medium
1171,F,21,5,0.85,2.94,84389,1,6,Medium
1172,M,20,17,0.61,0.32,97698,0,8,Medium
1173,F,18,0,0.87,2.64,97366,1,9,Low
1174,F,23,2,0.87,0.35,67561,0,9,Low
1175,F,23,15,0.63,1.77,72232,5,8,Medium
1176,F,22,11,0.72,0.32,48036,4,6,Low
1177,F,25,20,0.64,0.21,97725,1,5,Medium
1178,M,22,7,0.57,0.77,96720,5,7,Medium
1179,F,24,12,0.96,2.98,52098,1,5,Medium
1180,M,21,2,0.66,2.71,38079,4,8,Low
1181,F,22,14,0.64,1.89,33357,0,7,Medium
1182,M,25,4,0.93,3.54,58035,5,5,Low
1183,M,18,14,0.92,3.04,56850,2,8,Medium
1184,M,25,5,0.68,0.44,77152,0,9,Low
1185,F,20,6,0.67,2.12,93783,3,6,Medium
1186,M,20,16,0.53,0.41,55064,3,7,Low
1187,M,18,14,0.65,3.32,99465,4,5,Medium
1188,F,19,2,0.71,3.47,37654,0,9,Medium
1189,F,18,10,0.5,1.67,63353,2,8,Low
1190,F,22,12,0.59,1.61,52155,2,5,Medium
1191,F,18,16,0.56,2.52,25739,1,7,Medium
1192,M,23,19,0.54,2.72,67915,1,5,Medium
1193,F,21,17,0.69,3.65,76215,3,6,Medium
1194,M,18,4,0.8,0.79,95998,0,7,Low
1195,M,24,14,0.61,0.17,72257,0,9,Low
1196,F,18,8,0.66,1.55,73268,0,7,Medium
1197,F,21,2,0.61,1.82,54099,1,8,Low
1198,F,18,0,0.89,0.2,62438,1,6,Low
1199,M,24,9,0.65,1.69,62882,0,7,Medium
1200,F,20,12,0.58,1.07,84747,3,9,Medium
1201,F,20,19,0.51,3.9,42096,5,9,Medium
1202,F,22,0,0.72,3.81,86413,4,5,Medium
1203,F,23,7,0.82,1.27,42135,4,9,Low
1204,M,19,19,0.66,2.1,55596,5,5,Medium
1205,M,23,9,0.59,1.82,41518,4,6,Low
1206,F,25,15,0.78,2.86,82889,3,6,Medium
1207,M,22,18,0.57,0.82,36168,5,8,Medium
1208,F,23,9,0.72,3.96,75866,1,7,Medium
1209,F,20,12,0.71,2.55,95789,3,8,Medium
1210,F,22,8,0.66,1.79,68451,3,9,Low
1211,M,20,9,0.71,0.12,50138,3,8,Low
1212,F,18,19,0.63,0.08,89568,0,8,Medium
1213,F,20,2,0.84,2.43,38410,0,5,Low
1214,M,22,16,0.58,0.81,32700,2,7,Low
1215,M,21,16,0.73,1.97,35631,1,5,Medium
1216,F,20,4,0.86,2.76,89890,0,8,Medium
1217,M,25,8,0.85,1.52,50996,1,5,Low
1218,F,24,0,0.56,2.75,41868,0,5,Low
1219,F,20,20,0.99,1.05,80704,1,9,Medium
1220,M,20,16,0.53,2.04,93426,0,6,Medium
1221,M,25,5,0.72,2.59,52966,3,9,Low
1222,F,22,0,0.79,3.83,55623,4,6,Low
1223,F,18,16,0.7,2.22,86676,0,6,Medium
1224,F,20,20,0.69,3.59,93886,5,9,Medium
1225,M,20,3,0.82,1.41,73440,4,5,Low
1226,F,19,8,0.76,0.22,70199,1,9,Low
1227,M,21,19,0.52,0.78,36782,2,5,Medium
1228,F,24,13,0.54,2.23,89437,4,8,Medium
1229,F,21,16,0.61,3.43,68211,5,7,Medium
1230,M,22,6,0.82,3.67,88701,3,7,Medium
1231,M,23,12,0.71,1.56,68404,2,9,Medium
1232,M,20,19,0.87,0.01,31948,0,8,Low
1233,M,19,12,0.75,0.92,90136,1,5,Medium
1234,M,22,8,0.62,0.08,30394,5,9,Low
1235,M,22,8,0.55,3.04,39531,3,6,Medium
1236,M,25,4,0.62,3.25,84308,0,8,Medium
1237,M,19,12,0.82,0.94,97949,2,8,Medium
1238,M,25,19,0.53,3.46,68173,5,8,Medium
1239,F,20,11,0.81,0.55,80563,3,5,Low
1240,M,25,1,0.82,0.21,89576,0,7,Low
1241,F,21,1,0.73,1.94,70005,2,5,Low
1242,M,19,11,0.95,3.83,46725,5,5,Medium
1243,M,21,19,0.53,0.69,31768,4,6,Low
1244,F,24,10,0.94,2.45,86115,3,9,Medium
1245,F,21,17,0.99,1.91,27455,5,9,Medium
1246,M,20,15,0.6,2.8,69533,4,9,Medium
1247,F,19,12,0.54,1.5,61137,0,5,Low
1248,M,22,4,0.6,0.26,92146,4,9,Low
1249,F,25,9,0.8,3.04,66930,5,7,Medium
1250,F,24,13,0.81,2.14,79156,5,6,Medium
1251,F,19,6,0.62,3.86,92336,4,9,Medium
1252,F,18,0,0.81,2.23,58697,4,5,Low
1253,F,20,12,0.58,2.11,96596,0,7,Medium
1254,M,22,6,0.72,0.46,40504,2,7,Low
1255,M,19,7,0.96,2.93,63947,2,8,Medium
1256,F,24,6,0.95,3.6,51457,0,8,Medium
1257,M,22,17,0.81,3.42,87969,2,8,Medium
1258,M,22,17,0.8,2.54,66674,3,6,Medium
1259,M,20,6,0.99,1.31,90185,3,9,Medium
1260,M,20,8,0.88,3.92,71943,0,9,Medium
1261,F,18,20,0.79,2.9,42779,4,7,Medium
1262,M,25,0,0.74,1.46,89433,3,8,Low
1263,M,20,14,0.74,0.82,44460,4,5,Low
1264,M,24,14,0.55,2.68,92192,4,7,Medium
1265,F,22,12,0.57,3.37,55056,0,7,Medium
1266,F,25,7,0.77,3.17,40809,0,9,Medium
1267,F,25,17,0.74,0.79,25819,5,9,Medium
1268,F,24,18,0.63,0.38,91944,2,9,Medium
1269,F,20,19,0.98,2.14,95227,5,5,Medium
1270,M,21,3,0.75,3.28,42305,5,9,Low
1271,M,23,14,0.66,3.33,61573,2,9,Medium
1272,F,25,6,0.93,0.4,77116,5,8,Medium
1273,M,22,13,0.77,3.13,35711,3,6,Medium
1274,M,19,11,0.55,3.33,88892,3,9,Medium
1275,F,18,16,0.65,2.48,61942,3,5,Medium
1276,F,20,18,0.93,2.31,79093,5,5,Medium
1277,M,18,14,0.5,3.32,64007,3,5,Medium
1278,M,22,9,0.67,2.78,73766,1,5,Medium
1279,M,23,2,0.6,0.67,49308,2,8,Low
1280,M,20,1,0.51,2.67,32781,3,6,Low
1281,M,22,9,0.52,2.1,99711,2,5,Medium
1282,M,24,17,0.84,2.13,97066,3,5,Medium
1283,M,18,0,0.94,3.26,87970,5,6,Low
1284,F,21,9,0.75,1.19,55701,4,5,Low
1285,M,20,20,0.62,3.73,33689,5,7,Medium
1286,F,23,5,0.84,3.98,67256,1,5,Medium
1287,F,24,18,0.5,0.71,37269,5,8,Medium
1288,F,19,3,0.74,1.29,52186,1,7,Low
1289,F,23,1,0.9,2.41,62790,5,7,Low
1290,M,23,15,1.0,3.11,34223,4,7,Medium
1291,F,23,16,0.93,1.6,65641,1,9,Medium
1292,F,23,3,0.99,2.55,83244,1,9,Medium
1293,M,19,6,0.75,1.8,56938,1,6,Low
1294,M,21,5,0.6,0.71,80044,4,6,Low
1295,M,19,10,0.75,1.78,76184,5,7,Low
1296,M,21,18,0.94,2.18,74796,3,7,Medium
1297,F,20,10,0.52,2.11,35751,3,8,Low
1298,M,23,12,0.58,3.67,36180,5,7,Medium
1299,F,19,10,0.53,1.71,64249,3,6,Medium
1300,M,23,15,0.82,1.61,37482,0,5,Medium
1301,F,23,13,0.54,0.3,32240,0,6,Low
1302,F,22,4,0.85,2.24,41989,1,7,Low
1303,F,25,10,0.98,1.01,62678,5,9,Medium
1304,F,20,11,0.8,2.03,42030,1,5,Low
1305,M,18,1,0.53,0.63,42655,2,9,Low
1306,F,25,15,0.59,0.04,44787,1,6,Low
1307,F,20,3,0.89,0.73,98638,5,8,Low
1308,F,18,7,0.98,1.56,31143,2,6,Low
1309,F,25,18,0.91,3.1,48599,0,8,Medium
1310,F,23,5,0.74,3.24,28976,0,7,Low
1311,F,20,16,0.65,0.74,88238,0,5,Medium
1312,F,21,8,0.61,1.86,46102,1,9,Low
1313,F,19,17,0.99,0.53,61600,3,9,Medium
1314,F,20,18,0.93,2.84,34808,5,6,Medium
1315,F,21,19,0.83,1.75,91103,2,6,Medium
1316,M,18,7,0.88,3.16,42277,5,9,Medium
1317,M,21,13,0.92,3.63,29618,0,6,Medium
1318,M,21,4,0.55,3.02,46992,4,9,Low
1319,F,20,8,0.51,2.77,51794,2,5,Medium
1320,F,19,12,0.57,3.72,49685,2,7,Medium
1321,F,21,0,0.52,3.76,79157,1,6,Low
1322,M,20,14,0.57,0.07,81106,4,8,Medium
1323,F,24,19,0.56,2.19,49610,3,9,Medium
1324,F,18,18,0.95,2.21,51082,1,5,Medium
1325,M,25,7,0.78,1.33,38800,1,8,Low
1326,F,18,4,0.81,0.44,75628,4,5,Low
1327,M,18,10,0.98,1.57,62080,1,7,Medium
1328,F,23,8,0.94,1.04,31397,1,7,Low
1329,M,24,15,0.5,3.72,40186,5,8,Medium
1330,M,23,20,0.54,0.84,44590,1,7,Medium
1331,F,24,4,0.53,3.46,27042,0,7,Medium
1332,F,20,2,0.8,1.37,88471,5,5,Low
1333,F,22,14,0.89,2.13,41865,3,9,Medium
1334,M,24,15,0.84,2.9,93708,3,6,Medium
1335,M,21,2,0.84,1.91,51277,0,8,Low
1336,M,22,11,0.95,2.72,92769,5,6,Medium
1337,F,19,2,0.67,1.1,45691,4,8,Low
1338,M,18,11,0.92,1.32,61140,4,9,Medium
1339,M,22,16,0.92,2.74,58758,0,8,Medium
1340,M,22,14,0.87,3.7,79497,2,8,Medium
1341,F,25,6,0.57,3.59,94797,0,8,Medium
1342,F,19,11,0.9,1.78,25139,4,8,Medium
1343,F,23,20,0.84,3.39,90372,5,6,Medium
1344,F,18,4,0.72,1.46,47759,1,6,Low
1345,M,24,17,0.73,2.2,45412,4,7,Medium
1346,F,21,20,0.9,1.84,73184,5,6,Medium
1347,M,23,9,0.85,3.59,34212,3,5,Medium
1348,F,21,14,0.84,1.96,51068,1,8,Medium
1349,F,24,17,0.62,1.29,53465,1,6,Medium
1350,M,20,9,0.61,2.0,90710,0,6,Medium
1351,M,23,4,0.71,3.16,37044,2,9,Medium
1352,M,20,9,0.57,2.11,73183,0,5,Medium
1353,M,21,3,0.84,1.17,95620,5,8,Medium
1354,F,21,13,0.92,1.56,40974,4,6,Medium
1355,M,21,14,0.83,0.63,49417,0,8,Medium
1356,M,23,8,0.85,1.3,93910,1,7,Medium
1357,F,23,1,0.89,3.09,70310,5,5,Low
1358,M,20,16,0.52,1.98,74184,2,9,Medium
1359,F,22,15,0.81,0.76,74015,3,9,Medium
1360,M,19,3,0.75,1.15,77161,3,6,Low
1361,M,24,19,0.58,3.61,87847,4,8,Medium
1362,F,18,0,0.52,3.39,26931,5,6,Low
1363,F,19,9,0.97,1.9,37857,3,6,Low
1364,M,23,18,0.88,0.53,70879,5,7,Medium
1365,M,24,7,0.78,3.37,47360,4,5,Medium
1366,F,25,7,0.63,3.4,29529,3,5,Low
1367,M,23,12,0.85,3.37,87889,3,9,Medium
1368,F,19,8,0.95,2.13,74928,4,6,Medium
1369,F,23,16,0.95,1.98,67009,1,6,Medium
1370,M,19,14,0.64,2.06,61477,0,7,Medium
1371,F,25,5,0.54,0.3,47654,1,5,Low
1372,M,18,19,0.61,0.49,27483,0,8,Medium
1373,F,24,3,0.61,1.29,61674,2,7,Low
1374,M,22,2,0.87,0.57,57434,5,8,Low
1375,F,23,1,0.87,1.85,40172,4,7,Low
1376,F,21,12,0.79,0.09,49161,3,5,Medium
1377,F,22,0,0.79,3.01,86295,1,5,Low
1378,F,22,11,0.77,2.49,50149,2,5,Medium
1379,F,24,0,0.52,2.85,69489,5,6,Low
1380,F,24,4,0.92,2.02,82014,5,9,Low
1381,M,21,0,0.93,0.3,56164,3,9,Low
1382,M,19,6,0.85,1.53,42951,2,9,Low
1383,M,22,9,0.83,3.24,95395,2,9,Medium
1384,F,19,13,0.97,1.68,33896,3,7,Low
1385,F,23,15,0.56,0.48,41955,5,8,Low
1386,F,25,5,0.54,3.69,37390,0,7,Medium
1387,F,20,4,0.55,2.03,92315,3,6,Medium
1388,M,23,2,0.76,1.79,92522,1,8,Low
1389,M,20,19,0.74,0.44,66256,5,8,Medium
1390,F,20,19,0.54,1.91,72516,3,9,Medium
1391,M,23,0,0.96,1.12,34350,4,8,Low
1392,F,23,3,0.57,1.42,92020,1,7,Low
1393,M,19,1,0.74,2.93,44943,5,6,Low
1394,F,24,17,0.62,0.82,29633,0,5,Low
1395,F,22,1,0.93,3.44,70224,2,8,Medium
1396,M,20,0,0.59,3.05,25720,5,9,Low
1397,M,21,4,0.59,0.03,70898,0,8,Low
1398,F,23,15,0.54,0.65,68406,2,6,Low
1399,M,19,16,0.82,0.6,61620,2,7,Medium
1400,F,24,1,0.8,1.41,87318,0,8,Low
1401,F,20,18,0.81,0.04,75467,4,5,Medium
1402,M,18,2,0.9,0.09,97096,1,7,Low
1403,F,21,19,0.59,2.51,66855,1,9,Medium
1404,M,25,14,0.96,1.09,25324,1,8,Medium
1405,F,23,6,0.79,2.0,92089,5,5,Low
1406,F,19,2,0.7,3.04,51378,1,8,Medium
1407,F,18,19,0.94,1.87,64508,0,5,Medium
1408,M,24,14,0.86,3.82,30265,1,5,Medium
1409,F,20,1,0.79,2.16,42231,4,8,Low
1410,M,23,4,0.74,3.12,41182,5,6,Low
1411,F,24,15,0.79,3.97,61476,1,7,Medium
1412,F,24,7,0.7,0.61,67221,3,5,Medium
1413,M,20,9,0.81,0.71,78243,5,7,Low
1414,M,24,14,0.55,1.51,82075,5,5,Medium
1415,M,22,0,0.69,1.13,91355,4,5,Low
1416,M,23,13,0.57,2.43,26948,4,9,Medium
1417,F,23,4,0.68,2.97,46681,0,7,Low
1418,M,25,6,0.93,0.37,54484,2,7,Low
1419,M,21,19,0.59,1.79,96525,3,6,Medium
1420,M,22,15,0.82,1.7,66772,4,6,Medium
1421,F,18,9,0.94,0.24,41707,4,7,Low
1422,M,22,18,0.96,0.26,40393,0,5,Low
1423,M,25,1,0.87,2.27,93031,0,8,Low
1424,F,25,20,0.86,0.96,41281,2,7,Medium
1425,M,24,8,0.56,2.07,28290,0,8,Low
1426,F,23,13,0.65,3.24,70035,0,9,Medium
1427,M,19,10,0.76,1.97,87480,3,6,Medium
1428,F,25,15,0.57,2.34,33192,2,8,Medium
1429,M,18,18,0.51,3.61,53688,2,5,Medium
1430,M,23,19,0.66,0.06,95732,2,5,Medium
1431,M,23,1,0.91,1.34,29986,2,5,Low
1432,F,18,20,1.0,1.08,73813,0,8,Medium
1433,M,20,5,0.93,0.01,59478,3,5,Low
1434,F,25,16,0.64,3.6,31295,4,8,Medium
1435,M,22,14,0.57,2.18,81519,5,5,Medium
1436,M,23,13,0.87,0.98,40823,0,5,Low
1437,M,20,9,0.53,0.29,66943,1,9,Low
1438,F,21,11,0.51,2.77,87075,2,9,Medium
1439,M,25,12,0.8,1.24,34465,5,5,Low
1440,M,21,5,0.66,2.58,59244,4,8,Medium
1441,M,21,15,0.72,1.49,70011,5,6,Medium
1442,F,19,15,0.84,1.54,36225,2,7,Low
1443,F,23,19,0.89,3.23,27306,2,8,Medium
1444,F,22,18,0.8,3.73,65768,5,8,Medium
1445,F,24,8,0.65,3.81,87329,3,9,Medium
1446,F,25,14,0.88,2.31,97185,5,6,Medium
1447,F,20,17,0.8,3.96,90164,0,6,Medium
1448,M,23,5,0.74,0.1,35284,5,6,Low
1449,M,23,14,0.71,3.08,25135,5,5,Medium
1450,M,24,0,0.92,0.67,64694,5,9,Low
1451,F,24,4,0.74,1.56,82530,4,5,Low
1452,M,18,19,0.76,1.53,57706,4,8,Medium
1453,F,23,19,0.86,1.85,26916,2,6,Medium
1454,F,22,14,0.53,0.81,91653,2,5,Medium
1455,M,18,0,0.68,2.08,26324,1,5,Low
1456,M,22,1,0.9,3.19,28661,5,9,Low
1457,F,25,8,0.65,2.17,74430,5,5,Medium
1458,M,18,7,0.85,3.78,58779,0,7,Medium
1459,M,18,11,0.67,3.96,36692,2,8,Medium
1460,M,22,3,0.53,0.45,52263,5,7,Low
1461,F,25,10,0.64,0.48,80757,4,8,Medium
1462,M,22,4,0.65,0.2,99687,5,6,Low
1463,F,18,14,0.81,2.66,99901,0,7,Medium
1464,M,24,13,0.51,3.23,69973,1,7,Medium
1465,M,23,7,0.82,2.71,70621,0,6,Medium
1466,M,24,12,0.96,1.61,43722,2,8,Low
1467,M,18,10,0.81,2.27,58262,0,8,Medium
1468,F,23,11,0.98,2.74,47538,5,7,Medium
1469,F,24,1,0.69,1.18,53830,4,7,Low
1470,M,20,6,0.86,1.55,44823,2,7,Low
1471,F,25,2,0.93,3.3,57100,0,6,Medium
1472,M,23,8,0.7,2.43,73899,4,8,Medium
1473,F,21,4,0.85,2.24,63884,4,9,Medium
1474,M,20,11,0.53,3.26,70729,0,8,Medium
1475,F,19,5,0.6,3.46,54318,0,6,Medium
1476,M,25,8,0.7,3.22,86267,2,9,Medium
1477,M,20,7,0.72,0.94,99270,1,9,Low
1478,M,18,1,0.52,1.88,45449,4,9,Low
1479,M,24,16,0.68,3.34,33776,2,7,Medium
1480,M,24,0,0.78,3.62,56296,3,7,Medium
1481,F,20,12,0.81,0.01,91179,3,6,Low
1482,F,19,1,0.92,3.65,57603,5,9,Low
1483,M,22,9,0.51,3.52,98874,1,6,Medium
1484,F,23,17,0.68,1.76,67384,5,9,Medium
1485,F,22,3,0.7,3.13,25637,0,9,Low
1486,M,21,20,0.7,3.62,35910,5,7,Medium
1487,M,18,7,0.52,0.05,74971,2,5,Low
1488,F,22,6,0.82,0.74,29976,0,8,Low
1489,M,18,16,0.97,2.96,96282,2,9,Medium
1490,M,25,17,0.81,2.87,36478,2,8,Medium
1491,F,18,1,0.92,0.17,68230,0,6,Low
1492,M,20,19,0.97,0.07,94517,1,6,Medium
1493,F,23,7,0.71,1.16,95771,4,8,Low
1494,F,23,3,0.86,0.54,56670,4,7,Low
1495,M,24,19,0.97,0.38,26554,0,9,Medium
1496,M,19,18,0.67,1.96,58878,5,9,Medium
1497,M,22,6,0.63,1.2,38688,5,8,Low
1498,F,18,7,0.92,1.62,26509,4,5,Low
1499,F,24,17,0.74,3.76,67649,2,6,Medium
1500,M,21,8,0.66,2.47,63017,4,9,Medium
1501,F,23,20,0.95,0.3,35336,0,7,Medium
1502,F,18,4,0.96,1.53,96315,2,6,Low
1503,F,23,9,0.68,0.22,56910,0,6,Low
1504,F,25,3,0.76,3.01,59973,3,7,Low
1505,F,22,20,0.95,2.06,52370,5,7,Medium
1506,F,24,16,0.59,2.12,89630,4,9,Medium
1507,M,22,13,0.55,1.88,96620,4,7,Medium
1508,F,23,17,0.77,3.66,74818,3,8,Medium
1509,M,20,20,0.75,2.27,45860,0,9,Medium
1510,M,19,0,0.86,3.71,34837,3,6,Low
1511,F,22,16,0.72,2.67,94911,3,5,Medium
1512,F,24,17,0.74,2.08,51000,0,7,Medium
1513,F,20,13,0.56,3.41,47601,4,8,Medium
1514,F,24,18,0.56,0.68,74724,1,8,Medium
1515,M,25,8,0.8,3.88,33876,5,9,Medium
1516,M,21,16,0.73,1.56,91194,4,7,Medium
1517,F,22,19,0.55,2.98,76239,2,7,Medium
1518,F,18,3,0.79,3.38,43168,3,5,Low
1519,F,24,4,0.6,1.24,34661,3,7,Low
1520,F,22,9,0.91,1.18,28368,4,8,Low
1521,F,22,6,0.62,0.89,57654,5,9,Low
1522,F,23,19,0.74,0.77,55878,5,8,Medium
1523,F,22,0,0.82,1.83,43977,3,9,Low
1524,F,23,1,0.9,0.01,65797,4,8,Low
1525,F,22,2,0.65,0.23,41933,3,5,Low
1526,F,25,19,0.86,3.99,99359,2,5,High
1527,M,18,11,0.86,3.3,84132,0,8,Medium
1528,M,25,0,0.91,0.61,59612,3,6,Low
1529,F,25,8,0.85,3.95,98371,3,7,Medium
1530,F,25,12,0.67,2.92,89093,5,6,Medium
1531,F,23,13,0.94,3.32,62675,2,6,Medium
1532,M,21,9,0.96,3.0,34712,0,6,Medium
1533,M,24,7,0.86,0.82,86820,2,7,Low
1534,M,21,6,0.96,2.61,59740,3,5,Low
1535,F,21,12,0.89,2.78,83603,5,7,Medium
1536,F,23,13,0.76,2.01,80926,5,7,Medium
1537,M,22,13,0.91,3.31,93774,2,8,Medium
1538,F,25,12,0.96,2.71,85184,3,7,Medium
1539,F,19,20,0.68,0.15,89461,5,5,Medium
1540,M,22,11,0.57,0.69,33631,0,8,Low
1541,F,20,8,0.78,0.14,91075,0,9,Low
1542,F,19,17,0.93,3.99,72471,0,6,Medium
1543,M,23,14,0.65,1.79,63647,0,8,Medium
1544,M,20,17,0.94,3.15,62126,1,7,Medium
1545,M,25,9,0.53,2.14,36244,2,9,Medium
1546,M,22,12,0.61,0.57,91339,4,5,Low
1547,M,22,2,0.74,3.96,87712,2,9,Medium
1548,F,20,20,0.69,3.36,92312,1,9,Medium
1549,M,22,1,0.82,2.86,55762,2,6,Low
1550,M,19,1,0.98,3.24,95667,3,6,Medium
1551,F,24,2,0.64,1.85,40518,3,8,Low
1552,M,22,1,0.85,1.86,36261,3,7,Low
1553,F,21,17,0.55,0.99,49041,5,6,Medium
1554,M,25,16,0.73,2.3,80363,4,6,Medium
1555,F,18,10,0.73,0.18,30445,4,7,Low
1556,M,21,2,0.94,3.49,43690,1,6,Low
1557,M,20,16,0.58,2.24,30369,2,6,Medium
1558,M,24,8,0.82,1.08,35227,3,5,Low
1559,M,19,1,0.61,2.44,53758,0,6,Low
1560,M,18,0,0.89,3.74,55681,3,6,Low
1561,M,24,15,0.66,0.46,78437,3,8,Low
1562,M,19,7,0.62,2.91,67987,0,6,Medium
1563,M,19,6,0.62,2.03,80128,3,7,Medium
1564,M,24,19,0.6,3.22,37744,3,9,Medium
1565,F,18,1,0.75,1.42,98949,1,6,Low
1566,F,18,17,0.66,0.09,85935,3,5,Medium
1567,F,22,17,0.66,1.12,89598,0,9,Medium
1568,F,25,16,0.64,1.21,70881,3,5,Medium
1569,F,22,14,0.63,2.66,46963,5,9,Medium
1570,M,24,6,0.98,2.92,88512,3,7,Medium
1571,M,18,0,0.86,1.87,58806,3,5,Low
1572,M,21,6,0.52,1.47,75493,2,9,Medium
1573,F,22,4,0.59,2.71,52781,5,7,Low
1574,M,24,8,0.94,0.1,68437,2,5,Low
1575,F,18,2,0.66,0.34,27693,1,7,Low
1576,F,23,2,0.61,0.71,28842,4,6,Low
1577,F,23,0,0.87,1.4,52698,4,9,Low
1578,F,19,14,0.62,1.69,28773,1,9,Medium
1579,M,23,13,0.86,2.38,75600,2,7,Medium
1580,M,19,13,0.99,3.23,68667,5,7,Medium
1581,M,22,7,0.91,0.36,76425,0,9,Low
1582,M,20,3,0.93,2.76,65755,4,5,Low
1583,M,24,9,0.99,1.58,43442,3,7,Low
1584,M,18,19,0.9,2.79,52232,1,7,Medium
1585,M,25,4,1.0,1.93,50375,2,5,Low
1586,F,19,6,0.89,1.94,78009,3,7,Low
1587,M,18,15,0.61,2.21,93697,1,6,Medium
1588,M,20,13,0.89,3.65,70163,4,9,Medium
1589,F,25,15,0.88,3.93,28078,3,8,Medium
1590,M,22,13,0.73,1.17,60356,3,9,Medium
1591,M,22,9,0.77,1.36,59346,3,9,Medium
1592,M,19,2,0.67,0.57,59110,3,9,Low
1593,F,20,5,0.97,2.27,87620,0,6,Medium
1594,M,18,17,0.51,3.7,47603,2,6,Medium
1595,M,24,14,0.83,1.79,86499,3,6,Medium
1596,F,20,20,0.87,2.45,91583,3,6,Medium
1597,F,18,15,0.62,1.01,27359,0,6,Low
1598,M,24,16,0.6,0.27,53586,2,5,Low
1599,F,22,1,0.5,2.84,39155,4,5,Low
1600,F,20,4,0.75,0.87,51628,0,6,Low
1601,M,19,2,0.58,3.32,89841,3,9,Medium
1602,F,23,9,0.99,1.97,26641,2,6,Low
1603,M,23,13,0.51,3.95,96043,0,7,Medium
1604,F,19,18,0.77,0.07,56352,2,8,Medium
1605,F,25,0,0.82,3.57,47954,2,5,Low
1606,M,23,9,0.51,3.02,81672,0,5,Medium
1607,M,25,9,0.9,2.92,71773,2,7,Medium
1608,F,23,12,0.61,2.48,66490,4,8,Medium
1609,F,24,9,0.72,0.52,71311,3,8,Low
1610,M,23,18,0.92,2.99,83978,3,6,Medium
1611,M,22,10,0.94,0.15,96382,0,9,Medium
1612,M,23,15,0.93,1.47,86466,3,7,Medium
1613,M,19,13,0.81,1.39,73289,4,5,Low
1614,M,18,0,0.83,2.32,73513,1,5,Low
1615,M,19,20,0.62,3.86,95178,3,5,Medium
1616,M,20,10,0.81,0.64,55914,3,7,Low
1617,F,24,0,0.73,3.02,31743,0,5,Low
1618,F,22,1,0.76,0.89,31850,5,7,Low
1619,F,19,16,0.91,1.58,30489,2,9,Medium
1620,M,25,13,0.55,1.45,99763,1,6,Medium
1621,F,20,13,0.85,1.17,25944,5,9,Medium
1622,M,21,14,0.94,3.43,90046,3,5,Medium
1623,F,25,6,0.82,0.89,31555,5,6,Low
1624,F,21,18,0.69,3.37,76936,0,8,Medium
1625,F,20,16,0.98,2.01,70168,0,6,Medium
1626,M,19,6,0.61,0.02,82839,5,5,Low
1627,M,18,18,0.82,3.78,54623,5,9,Medium
1628,M,23,12,0.79,3.94,90061,4,8,Medium
1629,M,20,13,0.79,3.94,96027,0,9,Medium
1630,M,22,8,0.94,1.1,54705,2,7,Low
1631,M,22,16,0.75,0.88,57895,2,7,Low
1632,F,21,0,0.53,0.43,47253,2,6,Low
1633,F,19,17,0.54,2.81,25177,2,7,Medium
1634,M,21,5,0.77,0.75,38451,0,6,Low
1635,F,25,9,0.62,0.28,61502,0,8,Low
1636,M,19,11,0.65,0.02,86187,0,5,Low
1637,M,19,12,0.94,0.19,76649,0,5,Low
1638,M,22,6,0.63,0.94,28127,2,7,Low
1639,F,25,3,0.51,0.94,83092,0,7,Low
1640,F,22,18,0.89,0.9,84009,2,9,Medium
1641,M,24,5,0.89,1.22,85956,5,7,Low
1642,F,24,13,0.87,3.02,33422,2,7,Medium
1643,F,19,8,0.69,0.33,93379,2,5,Medium
1644,M,25,7,0.99,2.83,71665,0,5,Medium
1645,F,18,12,0.68,1.25,90162,0,7,Medium
1646,F,19,9,0.73,3.24,43719,2,8,Medium
1647,F,18,14,0.99,2.91,55903,2,7,Medium
1648,F,20,16,0.57,3.43,94187,2,9,Medium
1649,M,21,14,0.92,3.58,29227,1,9,Medium
1650,M,18,17,1.0,0.15,37457,3,5,Medium
1651,F,24,1,0.86,3.55,93300,0,9,Medium
1652,M,24,2,0.86,0.58,91957,0,6,Low
1653,M,25,14,0.9,1.94,86325,1,8,Medium
1654,M,23,5,0.79,0.28,63919,4,8,Low
1655,F,19,16,0.69,1.33,54282,0,7,Medium
1656,F,21,6,0.72,1.87,52810,0,9,Low
1657,M,21,16,0.63,0.72,79214,3,9,Medium
1658,F,21,18,0.96,2.98,32069,2,8,Medium
1659,F,19,5,0.87,2.9,64130,0,5,Medium
1660,M,18,4,0.59,2.02,30965,1,6,Low
1661,F,23,20,0.75,3.73,50357,3,8,Medium
1662,M,19,8,0.79,3.76,64934,4,8,Medium
1663,F,25,4,0.54,1.79,92935,3,9,Medium
1664,F,18,9,0.5,1.21,80819,4,9,Medium
1665,M,19,14,0.73,1.84,76839,0,9,Medium
1666,F,25,12,0.69,0.72,55122,3,8,Low
1667,F,25,11,0.65,0.99,30097,3,8,Low
1668,M,21,1,0.71,0.31,65463,4,5,Low
1669,M,21,15,0.78,0.25,88714,4,5,Medium
1670,F,25,18,0.82,3.3,95494,5,6,Medium
1671,M,21,14,0.92,3.56,91780,5,5,Medium
1672,F,22,18,0.79,0.62,35575,1,7,Low
1673,M,22,2,0.59,3.76,60163,3,6,Low
1674,M,21,4,0.81,3.01,63550,5,5,Low
1675,M,18,8,0.58,1.94,83585,3,6,Medium
1676,M,25,17,0.88,3.65,32292,5,8,Medium
1677,M,23,3,0.94,1.6,42847,4,5,Low
1678,M,19,14,0.85,2.64,49129,1,6,Medium
1679,M,21,18,0.73,3.55,87619,1,6,Medium
1680,M,25,7,0.92,0.47,86097,4,8,Low
1681,M,18,0,0.72,2.19,82361,0,9,Low
1682,M,21,11,0.61,3.96,88427,5,7,Medium
1683,M,22,6,0.63,3.71,33092,0,9,Medium
1684,F,24,0,0.68,0.28,40718,5,5,Low
1685,M,25,7,0.95,1.69,62087,5,9,Medium
1686,M,19,4,0.94,2.13,86189,4,6,Medium
1687,M,25,5,0.56,0.09,54639,4,5,Low
1688,M,22,18,0.82,3.51,38554,3,7,Medium
1689,M,24,10,0.64,0.06,65774,4,9,Medium
1690,F,18,5,0.88,1.18,59305,0,9,Medium
1691,F,18,16,0.78,1.1,68867,4,5,Medium
1692,M,21,5,0.5,1.99,28737,2,5,Low
1693,M,18,10,0.76,3.29,51981,5,6,Medium
1694,M,18,0,0.76,3.63,60478,1,6,Low
1695,F,20,3,0.75,0.25,72402,5,9,Low
1696,F,21,0,0.89,3.3,65036,5,6,Low
1697,M,18,20,0.79,1.52,26180,1,5,Medium
1698,M,22,18,0.68,3.82,74423,2,5,Medium
1699,M,23,12,0.91,3.66,40723,1,7,Medium
1700,M,24,19,0.74,0.02,48378,0,6,Medium
1701,F,19,4,0.61,1.24,65786,4,5,Low
1702,M,19,20,0.89,2.37,50926,1,9,Medium
1703,F,22,20,0.97,3.14,93183,1,6,Medium
1704,M,24,16,0.98,1.65,25602,4,5,Medium
1705,M,21,13,0.82,2.57,37608,0,9,Medium
1706,M,20,11,0.56,2.98,50054,3,5,Medium
1707,F,24,11,0.51,1.86,59993,2,5,Low
1708,M,20,18,0.99,0.27,44350,4,9,Medium
1709,F,25,14,0.7,2.07,54997,4,6,Medium
1710,F,22,0,0.58,0.99,66292,5,6,Low
1711,F,23,2,0.8,2.45,78699,1,9,Low
1712,M,22,11,0.91,2.21,86198,2,8,Medium
1713,M,24,1,0.83,0.67,36054,5,6,Low
1714,M,25,16,0.98,2.38,66196,2,5,Medium
1715,M,21,14,0.93,1.46,75277,1,8,Medium
1716,M,22,3,0.81,1.18,28746,3,5,Low
1717,F,20,13,0.51,1.61,91570,0,7,Medium
1718,M,22,17,0.98,1.11,31532,1,5,Medium
1719,F,23,15,0.91,0.46,86307,4,8,Medium
1720,M,23,18,1.0,1.48,77048,3,7,Medium
1721,M,18,15,0.8,0.05,86787,3,8,Medium
1722,M,21,16,0.56,3.11,59158,0,6,Medium
1723,M,19,0,0.56,0.86,77950,4,8,Low
1724,F,21,14,0.6,2.08,82735,2,7,Medium
1725,M,23,20,0.54,2.01,46811,5,6,Medium
1726,F,20,20,0.75,0.89,28145,5,9,Medium
1727,F,19,12,0.63,0.66,61091,5,6,Low
1728,M,22,8,0.57,1.51,87190,5,5,Low
1729,F,22,1,0.85,2.79,69741,3,7,Medium
1730,M,18,16,0.61,3.82,75463,0,5,Medium
1731,F,21,17,0.91,3.81,47591,5,7,Medium
1732,M,23,10,0.81,0.91,96411,0,5,Medium
1733,M,24,8,0.88,2.63,80682,0,6,Medium
1734,F,22,17,0.63,3.68,31959,2,6,Medium
1735,M,21,0,0.52,1.67,84375,0,7,Low
1736,F,22,5,0.69,1.26,30810,4,7,Low
1737,M,20,7,0.68,3.82,84836,1,8,Medium
1738,F,22,2,0.51,1.16,84127,3,9,Low
1739,M,23,16,0.74,1.41,51802,3,7,Medium
1740,M,25,19,0.9,0.32,36928,0,8,Low
1741,F,23,10,0.74,0.7,35910,4,9,Low
1742,F,25,4,0.91,3.95,25133,1,6,Medium
1743,F,20,6,0.77,3.87,33296,4,5,Low
1744,M,25,1,0.64,0.26,95832,2,7,Low
1745,F,18,5,0.63,2.84,53388,1,8,Low
1746,F,20,17,0.58,2.17,63942,3,9,Medium
1747,M,22,11,0.89,1.36,34123,0,9,Low
1748,M,23,19,0.64,3.3,39411,5,7,Medium
1749,M,24,6,0.54,2.05,48970,5,6,Low
1750,F,20,17,0.64,2.68,93750,2,8,Medium
1751,M,23,5,0.58,1.6,97321,5,5,Medium
1752,F,24,12,0.69,3.91,66452,2,6,Medium
1753,F,19,18,0.94,3.19,38416,2,6,Medium
1754,F,19,5,0.9,1.02,80086,1,5,Low
1755,F,20,19,0.79,0.9,35673,1,8,Medium
1756,F,21,15,0.73,1.84,41437,5,9,Medium
1757,M,18,17,0.72,0.62,48913,0,9,Medium
1758,M,19,2,0.57,0.94,39901,3,6,Low
1759,F,19,4,0.81,2.03,94859,3,6,Low
1760,F,23,0,0.94,2.26,50793,2,8,Low
1761,M,20,9,0.74,3.83,38232,4,8,Medium
1762,F,25,15,0.87,0.18,70255,2,9,Medium
1763,F,24,11,0.93,3.17,34305,0,6,Medium
1764,F,22,7,0.6,3.27,73224,0,7,Medium
1765,F,24,8,0.76,1.59,29713,4,7,Low
1766,M,23,12,0.96,3.08,88727,5,6,Medium
1767,F,21,8,0.64,3.8,48395,1,9,Medium
1768,M,19,7,0.54,0.53,94959,0,8,Low
1769,M,20,10,0.85,3.54,70874,3,8,Medium
1770,M,23,9,0.62,1.97,90231,2,8,Medium
1771,M,23,3,0.89,0.44,32386,2,7,Low
1772,M,21,14,0.65,0.19,61842,5,6,Medium
1773,F,25,2,0.58,3.03,33191,0,9,Low
1774,M,18,8,0.84,0.69,38197,5,7,Low
1775,M,22,1,0.53,3.14,54457,0,9,Low
1776,F,20,1,0.92,3.99,70138,4,9,Medium
1777,M,18,9,0.93,1.33,58707,3,7,Low
1778,M,23,11,0.84,0.76,42514,4,9,Low
1779,F,24,8,0.56,2.72,26445,3,6,Low
1780,M,22,2,0.67,0.63,39473,5,8,Low
1781,F,25,8,0.58,1.31,55171,0,6,Low
1782,F,24,13,0.7,1.42,48410,4,8,Low
1783,F,25,13,0.99,0.34,39589,5,8,Low
1784,M,18,12,0.63,1.46,62950,4,6,Low
1785,M,18,9,0.56,1.08,75570,5,6,Medium
1786,M,23,14,0.99,3.98,91941,4,6,Medium
1787,F,20,17,0.52,2.35,78679,0,7,Medium
1788,M,19,18,0.65,3.0,98133,4,5,Medium
1789,M,19,7,0.95,2.5,99820,0,7,Medium
1790,M,21,9,0.83,2.98,52829,1,8,Medium
1791,M,22,4,0.86,1.1,27210,1,9,Low
1792,M,18,17,0.54,3.35,81320,0,7,Medium
1793,F,25,8,0.86,3.01,93206,3,5,Medium
1794,M,22,8,0.84,2.37,46731,0,7,Medium
1795,M,25,12,0.68,0.03,78795,4,5,Low
1796,M,20,2,0.59,0.99,71511,0,8,Low
1797,M,21,12,0.56,3.11,91048,2,5,Medium
1798,M,24,0,0.9,0.08,62677,2,7,Low
1799,M,21,1,0.74,1.35,35944,5,5,Low
1800,M,20,4,0.98,2.55,73324,1,7,Medium
1801,M,22,11,0.99,2.83,56487,2,8,Medium
1802,F,19,4,0.87,3.86,35140,0,6,Medium
1803,M,25,10,0.66,2.34,73300,3,9,Medium
1804,M,22,6,0.71,3.1,79127,0,5,Medium
1805,M,25,9,0.77,0.06,38274,3,6,Low
1806,M,24,1,0.85,1.69,56274,0,9,Low
1807,F,23,0,0.53,0.3,82247,0,5,Low
1808,F,21,6,0.54,2.5,26875,1,5,Low
1809,M,18,12,0.9,1.25,61501,3,6,Low
1810,M,18,16,0.9,2.93,95274,5,7,Medium
1811,F,24,8,0.75,1.01,99196,1,8,Medium
1812,F,24,3,0.71,3.82,85372,0,5,Medium
1813,F,19,2,0.56,1.15,55474,5,6,Low
1814,F,23,14,0.93,0.22,96042,2,9,Medium
1815,F,25,0,0.53,3.82,67176,5,5,Low
1816,F,24,4,0.55,1.37,93082,5,9,Low
1817,M,21,16,0.57,0.88,37297,4,5,Medium
1818,F,22,14,0.82,0.71,37459,0,8,Medium
1819,M,18,4,0.62,3.31,86247,0,9,Medium
1820,M,21,9,0.97,0.01,45846,3,5,Low
1821,M,21,4,0.56,0.65,75430,4,7,Low
1822,F,25,19,0.85,1.03,58520,3,8,Medium
1823,M,22,7,0.61,2.13,35562,0,8,Low
1824,F,22,19,0.69,0.08,64921,2,8,Medium
1825,F,21,15,0.69,1.72,74954,1,5,Medium
1826,F,24,1,0.52,1.1,91320,2,8,Low
1827,M,22,20,0.63,1.71,86718,3,5,Medium
1828,M,23,14,0.69,2.0,80996,5,5,Medium
1829,M,24,2,0.87,0.07,53516,2,5,Low
1830,M,20,2,0.89,3.38,33667,1,8,Low
1831,M,21,4,1.0,1.11,61466,0,7,Low
1832,M,22,19,0.73,3.4,51028,0,6,Medium
1833,F,20,18,0.73,3.91,80290,2,5,Medium
1834,M,21,16,0.7,2.17,88222,0,6,Medium
1835,F,22,0,0.68,0.55,65927,2,9,Low
1836,M,19,6,0.75,3.83,69539,4,6,Medium
1837,M,19,1,0.67,2.33,92772,5,6,Medium
1838,F,19,8,0.61,0.68,68924,2,5,Low
1839,M,22,16,0.98,3.5,51490,0,7,Medium
1840,F,19,5,0.99,3.29,40077,2,7,Medium
1841,F,25,13,0.78,0.12,67439,2,5,Low
1842,M,21,1,0.63,0.12,73436,0,8,Low
1843,F,25,3,0.62,2.32,48646,4,6,Low
1844,F,24,0,0.51,2.58,56689,2,5,Low
1845,M,20,0,0.64,3.07,75280,3,8,Low
1846,F,23,16,0.65,2.52,73668,4,5,Medium
1847,F,22,0,0.77,2.42,65355,0,5,Low
1848,M,21,6,0.93,1.85,41808,0,7,Low
1849,M,20,20,0.67,2.63,80709,0,8,Medium
1850,F,18,2,0.85,1.22,49320,5,9,Low
1851,F,21,19,0.68,3.87,77152,0,5,Medium
1852,F,25,5,0.5,2.21,41150,3,7,Low
1853,M,23,18,0.53,1.65,59475,0,5,Medium
1854,F,19,18,0.92,1.28,81848,5,7,Medium
1855,F,20,13,0.65,1.86,86739,0,6,Medium
1856,F,25,12,0.51,0.79,86047,3,6,Low
1857,F,18,11,0.89,2.7,80588,1,9,Medium
1858,F,24,8,0.94,0.12,92152,4,8,Low
1859,F,24,1,0.97,3.0,25824,5,6,Low
1860,F,22,15,0.51,1.54,53502,3,7,Medium
1861,M,19,17,0.99,3.08,65804,0,7,Medium
1862,M,23,18,0.55,0.82,89600,4,5,Medium
1863,F,24,4,0.7,0.9,52012,2,7,Low
1864,F,20,14,0.85,3.15,46289,4,6,Medium
1865,F,23,18,0.95,1.28,62189,2,5,Medium
1866,F,23,19,0.76,0.55,61653,0,8,Low
1867,M,22,20,0.54,1.23,80657,2,9,Medium
1868,M,20,13,0.76,3.05,39932,0,5,Medium
1869,M,23,19,0.77,0.19,70916,1,7,Medium
1870,F,22,3,0.76,1.06,38429,3,7,Low
1871,F,18,18,0.51,2.57,79032,4,7,Medium
1872,M,21,18,0.82,1.98,49477,4,6,Medium
1873,F,25,6,0.74,0.58,81731,5,7,Low
1874,F,22,4,0.83,2.85,98532,1,8,Medium
1875,M,25,15,0.65,1.37,98299,2,6,Medium
1876,F,25,12,0.63,3.8,65035,0,7,Medium
1877,M,22,15,0.93,2.97,63446,1,7,Medium
1878,F,24,12,0.92,3.68,42441,2,9,Medium
1879,F,22,12,0.72,3.95,89543,2,8,Medium
1880,M,22,7,0.68,3.78,28151,0,5,Medium
1881,M,22,12,0.82,1.56,64996,1,8,Medium
1882,F,18,11,0.79,2.5,76877,3,8,Medium
1883,M,25,15,0.71,2.62,40715,2,9,Medium
1884,M,25,10,0.65,2.54,32887,4,8,Medium
1885,F,20,13,0.76,3.2,54168,0,5,Medium
1886,M,23,0,0.83,3.83,89281,0,7,Medium
1887,M,25,6,1.0,1.58,89238,2,5,Medium
1888,M,24,0,0.66,2.1,36541,1,7,Low
1889,F,22,4,0.55,1.5,77479,3,5,Low
1890,F,24,18,0.54,2.45,77168,1,7,Medium
1891,F,19,7,0.55,3.1,50847,3,8,Medium
1892,M,23,15,0.61,3.18,37846,1,7,Medium
1893,F,18,16,0.8,2.39,32392,5,5,Medium
1894,F,23,17,0.93,3.26,36410,0,6,Medium
1895,M,22,19,0.67,2.75,68670,2,8,Medium
1896,M,23,19,0.6,3.46,65702,5,7,Medium
1897,M,25,6,0.84,2.57,39276,3,6,Medium
1898,M,21,4,0.85,3.0,99484,1,6,Medium
1899,F,21,12,0.88,2.32,38952,5,6,Medium
1900,F,20,8,0.92,2.66,99194,1,9,Medium
1901,M,22,7,0.86,0.97,51503,5,8,Low
1902,M,20,13,0.74,3.98,98213,2,8,Medium
1903,M,18,6,0.62,2.53,88856,5,9,Medium
1904,F,18,12,0.54,0.28,44027,1,8,Low
1905,M,20,18,0.81,3.59,72164,4,7,Medium
1906,F,25,2,0.58,0.86,77744,4,5,Low
1907,F,20,20,1.0,0.04,90273,2,5,Medium
1908,F,22,4,0.83,2.8,62095,3,7,Medium
1909,F,20,2,0.88,3.46,40621,2,5,Medium
1910,M,22,1,0.97,0.2,53452,4,6,Low
1911,M,18,17,0.6,2.68,44978,3,6,Medium
1912,M,19,19,0.6,2.4,59418,3,9,Medium
1913,F,24,14,0.96,2.82,60111,2,6,Medium
1914,M,21,2,0.53,1.85,92877,3,5,Low
1915,F,25,5,0.59,1.89,47963,1,9,Low
1916,M,18,13,0.62,2.11,30955,3,8,Medium
1917,F,22,0,0.79,2.86,29865,1,8,Low
1918,M,19,3,0.76,3.22,56155,1,9,Low
1919,M,19,5,0.81,0.46,62088,4,5,Low
1920,M,23,20,0.93,3.25,83336,1,5,Medium
1921,F,24,11,0.55,1.82,64424,2,6,Medium
1922,M,25,10,0.66,1.24,99940,5,6,Medium
1923,M,25,2,0.51,1.31,71835,5,8,Low
1924,F,18,3,0.78,0.64,87823,4,8,Low
1925,M,21,5,0.8,1.85,41964,2,7,Low
1926,F,24,4,0.54,2.26,29546,0,9,Low
1927,M,20,4,0.84,0.84,70096,1,5,Low
1928,M,24,1,0.93,0.53,39166,0,9,Low
1929,M,22,18,0.78,2.09,79168,3,8,Medium
1930,F,21,3,0.54,0.58,37402,0,9,Low
1931,F,25,6,0.73,1.4,38740,1,9,Low
1932,F,18,19,0.52,1.48,95338,5,7,Medium
1933,M,20,20,0.59,2.13,99634,0,6,Medium
1934,M,23,16,0.58,1.11,46711,2,9,Medium
1935,M,19,0,0.9,2.9,53411,5,9,Low
1936,F,20,14,0.59,0.96,77343,5,7,Medium
1937,F,25,9,0.75,3.56,75202,2,9,Medium
1938,M,21,2,0.62,0.46,93514,5,8,Low
1939,M,21,3,0.87,3.44,53046,5,5,Medium
1940,M,18,12,0.9,2.5,55996,0,9,Medium
1941,M,21,15,0.95,2.47,58114,5,9,Medium
1942,F,19,7,0.63,2.91,81525,4,7,Medium
1943,F,20,9,0.8,0.37,39114,1,9,Low
1944,M,20,9,0.7,1.37,37364,3,6,Low
1945,F,25,13,0.65,3.26,91372,5,8,Medium
1946,M,23,18,0.8,3.18,26960,3,9,Medium
1947,M,24,14,0.52,1.6,83383,5,7,Medium
1948,M,25,14,0.97,0.96,48967,1,8,Medium
1949,F,19,10,0.63,3.2,33501,1,8,Low
1950,M,21,2,0.92,3.4,47446,5,9,Low
1951,M,25,3,0.65,0.4,81977,0,5,Low
1952,F,21,15,0.53,2.14,83463,2,9,Medium
1953,F,25,9,0.73,0.7,81143,3,9,Low
1954,F,21,20,0.64,1.12,44290,2,8,Medium
1955,F,20,10,0.54,0.71,57808,1,8,Low
1956,F,22,11,0.56,1.14,47538,5,7,Low
1957,M,21,14,0.57,2.94,70498,5,9,Medium
1958,M,23,16,0.54,0.18,81010,0,8,Medium
1959,F,19,0,0.71,0.23,51574,4,6,Low
1960,F,25,8,0.56,2.97,51613,2,5,Low
1961,F,21,8,0.89,3.5,71560,3,6,Medium
1962,M,21,13,0.56,3.02,48302,1,9,Medium
1963,F,18,7,0.68,3.01,60610,0,6,Medium
1964,M,25,14,0.99,3.95,37114,2,7,Medium
1965,F,23,7,0.87,0.94,68508,3,8,Low
1966,F,21,16,0.5,2.15,56008,2,9,Medium
1967,F,25,8,0.63,3.94,80826,4,8,Medium
1968,M,22,1,0.72,0.84,70780,5,9,Low
1969,F,21,9,0.74,1.9,44105,3,8,Medium
1970,F,25,16,0.58,2.29,68578,2,6,Medium
1971,F,22,12,0.5,2.93,38063,0,8,Medium
1972,F,23,5,0.74,1.36,48777,0,5,Low
1973,M,19,2,0.55,3.33,35638,2,7,Low
1974,M,19,13,0.63,1.82,51043,5,7,Medium
1975,F,19,10,0.66,1.73,86917,4,9,Medium
1976,M,18,20,0.76,3.97,84607,5,5,Medium
1977,M,21,5,0.77,1.76,54551,2,7,Low
1978,M,24,0,0.53,0.25,40875,2,7,Low
1979,F,22,2,0.95,1.64,53916,1,9,Low
1980,M,19,16,0.79,0.55,46486,1,5,Medium
1981,M,23,0,0.58,1.01,93126,3,7,Low
1982,M,19,4,0.67,3.61,92328,2,7,Medium
1983,F,20,7,0.9,3.58,60045,1,6,Medium
1984,M,23,3,0.52,2.69,66160,2,7,Low
1985,M,21,13,0.68,3.36,50101,4,9,Medium
1986,M,20,4,0.67,3.3,78456,4,7,Medium
1987,M,19,13,0.73,2.79,96138,0,6,Medium
1988,F,20,6,0.82,0.62,48736,4,7,Low
1989,F,22,6,0.75,1.97,47604,1,7,Low
1990,F,25,19,1.0,0.58,92293,4,9,Medium
1991,F,21,3,0.68,2.39,69555,4,5,Low
1992,M,21,6,0.71,0.94,40777,1,6,Low
1993,F,25,13,0.82,0.27,96909,4,6,Medium
1994,M,20,16,0.51,1.93,27742,3,6,Medium
1995,M,25,9,0.55,1.73,77529,4,9,Medium
1996,F,21,3,0.69,3.7,93675,4,6,Medium
1997,M,24,13,0.79,2.18,40035,4,9,Medium
1998,F,25,9,0.61,0.78,84908,5,9,Medium
1999,M,24,0,0.57,3.03,39306,2,9,Low
2000,F,25,14,0.86,0.2,78162,3,6,Medium
